country,year,value,romania_unreliable_flag
ARG,2000,8.1,0
ARG,2001,7.3,0
ARG,2002,4.3,0
ARG,2003,8.7,0
ARG,2004,10.5,0
ARG,2005,6.0,0
ARG,2006,8.4,0
ARG,2007,3.7,0
ARG,2008,5.6,0
ARG,2009,7.6,0
ARG,2010,6.5,0
ARG,2011,4.8,0
ARG,2012,3.7,0
ARG,2013,5.6,0
ARG,2014,4.5,0
ARG,2015,5.0,0
ARG,2016,4.0,0
ARG,2017,4.3,0
ARG,2018,5.8,0
ARG,2019,6.3,0
ARG,2020,3.5,0
ARG,2021,2.8,0
ARG,2022,4.1,0
ARG,2023,4.0,0
AUS,2000,10.6,0
AUS,2001,11.4,0
AUS,2002,16.3,0
AUS,2003,16.2,0
AUS,2004,15.1,0
AUS,2005,18.4,0
AUS,2006,22.6,0
AUS,2007,34.3,0
AUS,2008,18.1,0
AUS,2009,22.7,0
AUS,2010,21.4,0
AUS,2011,18.3,0
AUS,2012,21.1,0
AUS,2013,19.7,0
AUS,2014,26.4,0
AUS,2015,24.6,0
AUS,2016,24.2,0
AUS,2017,23.5,0
AUS,2018,28.6,0
AUS,2019,21.6,0
AUS,2020,25.5,0
AUS,2021,29.0,0
AUS,2022,27.9,0
AUS,2023,30.3,0
AUT,2000,12.8,0
AUT,2001,11.7,0
AUT,2002,7.5,0
AUT,2003,9.1,0
AUT,2004,7.0,0
AUT,2005,8.9,0
AUT,2006,4.9,0
AUT,2007,5.9,0
AUT,2008,4.6,0
AUT,2009,8.0,0
AUT,2010,5.5,0
AUT,2011,4.1,0
AUT,2012,3.9,0
AUT,2013,3.3,0
AUT,2014,3.6,0
AUT,2015,9.3,0
AUT,2016,5.4,0
AUT,2017,4.2,0
AUT,2018,5.1,0
AUT,2019,3.5,0
AUT,2020,2.8,0
AUT,2021,4.3,0
AUT,2022,3.7,0
AUT,2023,3.1,0
BEL,2000,9.4,0
BEL,2001,10.9,0
BEL,2002,11.8,0
BEL,2003,10.0,0
BEL,2004,12.1,0
BEL,2005,10.6,0
BEL,2006,7.0,0
BEL,2007,11.7,0
BEL,2008,8.0,0
BEL,2009,8.8,0
BEL,2010,7.5,0
BEL,2011,4.9,0
BEL,2012,6.4,0
BEL,2013,7.0,0
BEL,2014,9.1,0
BEL,2015,6.3,0
BEL,2016,8.9,0
BEL,2017,9.8,0
BEL,2018,9.1,0
BEL,2019,8.0,0
BEL,2020,8.0,0
BEL,2021,7.1,0
BEL,2022,7.0,0
BEL,2023,7.9,0
BRA,2000,12.7,0
BRA,2001,6.4,0
BRA,2002,7.4,0
BRA,2003,14.3,0
BRA,2004,15.6,0
BRA,2005,14.0,0
BRA,2006,16.6,0
BRA,2007,12.2,0
BRA,2008,13.8,0
BRA,2009,15.3,0
BRA,2010,20.6,0
BRA,2011,9.1,0
BRA,2012,7.3,0
BRA,2013,8.2,0
BRA,2014,7.3,0
BRA,2015,7.2,0
BRA,2016,7.2,0
BRA,2017,6.1,0
BRA,2018,7.3,0
BRA,2019,10.3,0
BRA,2020,8.4,0
BRA,2021,10.2,0
BRA,2022,9.0,0
BRA,2023,9.8,0
BGR,2000,22.2,0
BGR,2001,15.0,0
BGR,2002,16.8,0
BGR,2003,17.9,0
BGR,2004,14.8,0
BGR,2005,19.4,0
BGR,2006,15.0,0
BGR,2007,11.5,0
BGR,2008,6.4,0
BGR,2009,11.3,0
BGR,2010,10.5,0
BGR,2011,8.3,0
BGR,2012,7.0,0
BGR,2013,4.4,0
BGR,2014,3.5,0
BGR,2015,4.4,0
BGR,2016,3.7,0
BGR,2017,3.5,0
BGR,2018,3.7,0
BGR,2019,3.1,0
BGR,2020,3.0,0
BGR,2021,3.1,0
BGR,2022,2.7,0
BGR,2023,4.2,0
CAN,2000,14.9,0
CAN,2001,14.2,0
CAN,2002,18.3,0
CAN,2003,11.0,0
CAN,2004,11.0,0
CAN,2005,13.5,0
CAN,2006,11.7,0
CAN,2007,20.6,0
CAN,2008,22.7,0
CAN,2009,31.4,0
CAN,2010,27.4,0
CAN,2011,22.2,0
CAN,2012,28.2,0
CAN,2013,28.9,0
CAN,2014,25.2,0
CAN,2015,25.1,0
CAN,2016,28.9,0
CAN,2017,25.7,0
CAN,2018,39.2,0
CAN,2019,32.6,0
CAN,2020,30.0,0
CAN,2021,25.7,0
CAN,2022,25.3,0
CAN,2023,29.1,0
CHN,2000,99.7,0
CHN,2001,90.2,0
CHN,2002,84.6,0
CHN,2003,71.7,0
CHN,2004,82.5,0
CHN,2005,91.7,0
CHN,2006,102.3,0
CHN,2007,86.6,0
CHN,2008,76.5,0
CHN,2009,93.6,0
CHN,2010,89.8,0
CHN,2011,69.0,0
CHN,2012,58.7,0
CHN,2013,74.9,0
CHN,2014,91.5,0
CHN,2015,87.5,0
CHN,2016,81.5,0
CHN,2017,86.1,0
CHN,2018,102.5,0
CHN,2019,88.7,0
CHN,2020,74.9,0
CHN,2021,74.4,0
CHN,2022,78.4,0
CHN,2023,79.1,0
HRV,2000,15.5,0
HRV,2001,15.5,0
HRV,2002,17.2,0
HRV,2003,18.8,0
HRV,2004,13.9,0
HRV,2005,14.9,0
HRV,2006,8.5,0
HRV,2007,5.0,0
HRV,2008,4.3,0
HRV,2009,5.0,0
HRV,2010,4.3,0
HRV,2011,4.1,0
HRV,2012,2.2,0
HRV,2013,2.2,0
HRV,2014,1.2,0
HRV,2015,1.5,0
HRV,2016,1.6,0
HRV,2017,1.4,0
HRV,2018,2.5,0
HRV,2019,1.7,0
HRV,2020,1.2,0
HRV,2021,1.2,0
HRV,2022,1.0,0
HRV,2023,0.9,0
CYP,2000,6.3,0
CYP,2001,4.8,0
CYP,2002,8.9,0
CYP,2003,13.8,0
CYP,2004,7.0,0
CYP,2005,16.4,0
CYP,2006,3.8,0
CYP,2007,5.5,0
CYP,2008,3.5,0
CYP,2009,2.6,0
CYP,2010,3.5,0
CYP,2011,8.3,0
CYP,2012,5.8,0
CYP,2013,5.3,0
CYP,2014,3.2,0
CYP,2015,3.2,0
CYP,2016,3.3,0
CYP,2017,3.8,0
CYP,2018,4.2,0
CYP,2019,4.3,0
CYP,2020,6.9,0
CYP,2021,3.9,0
CYP,2022,3.3,0
CYP,2023,2.8,0
CZE,2000,14.8,0
CZE,2001,16.5,0
CZE,2002,8.9,0
CZE,2003,17.1,0
CZE,2004,6.8,0
CZE,2005,12.3,0
CZE,2006,3.7,0
CZE,2007,4.0,0
CZE,2008,24.9,0
CZE,2009,24.8,0
CZE,2010,8.8,0
CZE,2011,4.1,0
CZE,2012,5.0,0
CZE,2013,2.1,0
CZE,2014,2.6,0
CZE,2015,3.4,0
CZE,2016,4.0,0
CZE,2017,5.5,0
CZE,2018,2.6,0
CZE,2019,3.4,0
CZE,2020,4.1,0
CZE,2021,2.9,0
CZE,2022,3.2,0
CZE,2023,4.7,0
DNK,2000,14.4,0
DNK,2001,4.7,0
DNK,2002,8.7,0
DNK,2003,14.3,0
DNK,2004,7.7,0
DNK,2005,8.8,0
DNK,2006,3.0,0
DNK,2007,4.4,0
DNK,2008,4.3,0
DNK,2009,13.1,0
DNK,2010,5.4,0
DNK,2011,4.5,0
DNK,2012,3.8,0
DNK,2013,3.4,0
DNK,2014,4.4,0
DNK,2015,4.7,0
DNK,2016,4.2,0
DNK,2017,5.7,0
DNK,2018,5.8,0
DNK,2019,5.6,0
DNK,2020,4.3,0
DNK,2021,6.1,0
DNK,2022,6.0,0
DNK,2023,6.9,0
EST,2000,22.6,0
EST,2001,11.1,0
EST,2002,7.0,0
EST,2003,6.1,0
EST,2004,7.1,0
EST,2005,11.3,0
EST,2006,2.1,0
EST,2007,2.0,0
EST,2008,4.0,0
EST,2009,2.0,0
EST,2010,1.6,0
EST,2011,1.5,0
EST,2012,2.1,0
EST,2013,2.2,0
EST,2014,2.7,0
EST,2015,3.1,0
EST,2016,2.9,0
EST,2017,2.9,0
EST,2018,3.0,0
EST,2019,3.0,0
EST,2020,3.5,0
EST,2021,4.7,0
EST,2022,3.4,0
EST,2023,4.6,0
FIN,2000,12.4,0
FIN,2001,3.5,0
FIN,2002,3.2,0
FIN,2003,3.5,0
FIN,2004,4.0,0
FIN,2005,8.0,0
FIN,2006,4.9,0
FIN,2007,4.5,0
FIN,2008,4.4,0
FIN,2009,4.5,0
FIN,2010,2.9,0
FIN,2011,4.3,0
FIN,2012,3.5,0
FIN,2013,3.3,0
FIN,2014,3.3,0
FIN,2015,3.8,0
FIN,2016,4.3,0
FIN,2017,5.3,0
FIN,2018,4.2,0
FIN,2019,4.2,0
FIN,2020,4.7,0
FIN,2021,4.1,0
FIN,2022,13.3,0
FIN,2023,10.2,0
FRA,2000,46.7,0
FRA,2001,34.5,0
FRA,2002,40.9,0
FRA,2003,53.3,0
FRA,2004,39.2,0
FRA,2005,37.9,0
FRA,2006,32.7,0
FRA,2007,42.5,0
FRA,2008,47.9,0
FRA,2009,46.7,0
FRA,2010,42.0,0
FRA,2011,29.6,0
FRA,2012,25.4,0
FRA,2013,29.8,0
FRA,2014,34.5,0
FRA,2015,53.3,0
FRA,2016,56.2,0
FRA,2017,53.5,0
FRA,2018,57.6,0
FRA,2019,50.0,0
FRA,2020,41.6,0
FRA,2021,48.5,0
FRA,2022,40.5,0
FRA,2023,40.2,0
DEU,2000,30.1,0
DEU,2001,29.5,0
DEU,2002,28.6,0
DEU,2003,35.2,0
DEU,2004,28.1,0
DEU,2005,34.7,0
DEU,2006,19.3,0
DEU,2007,23.4,0
DEU,2008,21.6,0
DEU,2009,29.0,0
DEU,2010,22.7,0
DEU,2011,21.5,0
DEU,2012,22.8,0
DEU,2013,21.7,0
DEU,2014,24.8,0
DEU,2015,41.1,0
DEU,2016,27.4,0
DEU,2017,32.9,0
DEU,2018,44.4,0
DEU,2019,37.9,0
DEU,2020,33.0,0
DEU,2021,32.8,0
DEU,2022,37.1,0
DEU,2023,31.8,0
GRC,2000,23.7,0
GRC,2001,12.0,0
GRC,2002,12.1,0
GRC,2003,18.6,0
GRC,2004,8.3,0
GRC,2005,10.8,0
GRC,2006,8.7,0
GRC,2007,13.9,0
GRC,2008,6.7,0
GRC,2009,6.5,0
GRC,2010,9.6,0
GRC,2011,7.3,0
GRC,2012,8.0,0
GRC,2013,7.1,0
GRC,2014,5.1,0
GRC,2015,9.6,0
GRC,2016,6.4,0
GRC,2017,7.1,0
GRC,2018,10.0,0
GRC,2019,10.2,0
GRC,2020,16.0,0
GRC,2021,11.5,0
GRC,2022,8.4,0
GRC,2023,6.8,0
HUN,2000,14.1,0
HUN,2001,10.8,0
HUN,2002,10.5,0
HUN,2003,19.4,0
HUN,2004,8.2,0
HUN,2005,12.6,0
HUN,2006,2.8,0
HUN,2007,3.6,0
HUN,2008,6.1,0
HUN,2009,7.5,0
HUN,2010,4.5,0
HUN,2011,4.8,0
HUN,2012,2.9,0
HUN,2013,4.4,0
HUN,2014,5.3,0
HUN,2015,5.6,0
HUN,2016,4.1,0
HUN,2017,5.1,0
HUN,2018,4.2,0
HUN,2019,4.4,0
HUN,2020,4.0,0
HUN,2021,5.8,0
HUN,2022,6.8,0
HUN,2023,10.3,0
IND,2000,7.6,0
IND,2001,5.7,0
IND,2002,5.5,0
IND,2003,6.7,0
IND,2004,4.5,0
IND,2005,5.2,0
IND,2006,15.3,0
IND,2007,26.2,0
IND,2008,25.9,0
IND,2009,18.0,0
IND,2010,16.6,0
IND,2011,14.8,0
IND,2012,12.0,0
IND,2013,12.9,0
IND,2014,13.3,0
IND,2015,20.8,0
IND,2016,19.8,0
IND,2017,17.0,0
IND,2018,17.9,0
IND,2019,14.8,0
IND,2020,14.0,0
IND,2021,15.4,0
IND,2022,17.2,0
IND,2023,22.2,0
IDN,2000,13.1,0
IDN,2001,10.3,0
IDN,2002,24.2,0
IDN,2003,16.8,0
IDN,2004,11.7,0
IDN,2005,22.4,0
IDN,2006,19.7,0
IDN,2007,24.1,0
IDN,2008,12.3,0
IDN,2009,13.2,0
IDN,2010,11.6,0
IDN,2011,10.5,0
IDN,2012,10.4,0
IDN,2013,10.7,0
IDN,2014,11.1,0
IDN,2015,9.9,0
IDN,2016,9.1,0
IDN,2017,9.6,0
IDN,2018,8.0,0
IDN,2019,7.9,0
IDN,2020,8.6,0
IDN,2021,8.0,0
IDN,2022,10.5,0
IDN,2023,12.5,0
IRL,2000,4.7,0
IRL,2001,5.6,0
IRL,2002,3.7,0
IRL,2003,2.5,0
IRL,2004,3.4,0
IRL,2005,2.4,0
IRL,2006,2.8,0
IRL,2007,4.1,0
IRL,2008,9.3,0
IRL,2009,9.7,0
IRL,2010,6.5,0
IRL,2011,4.8,0
IRL,2012,5.6,0
IRL,2013,6.9,0
IRL,2014,5.8,0
IRL,2015,6.0,0
IRL,2016,6.2,0
IRL,2017,6.3,0
IRL,2018,8.2,0
IRL,2019,8.9,0
IRL,2020,8.5,0
IRL,2021,15.6,0
IRL,2022,15.5,0
IRL,2023,17.4,0
ITA,2000,31.2,0
ITA,2001,17.4,0
ITA,2002,27.5,0
ITA,2003,30.2,0
ITA,2004,25.2,0
ITA,2005,22.0,0
ITA,2006,12.9,0
ITA,2007,20.6,0
ITA,2008,18.8,0
ITA,2009,22.0,0
ITA,2010,16.9,0
ITA,2011,16.7,0
ITA,2012,16.2,0
ITA,2013,15.4,0
ITA,2014,13.0,0
ITA,2015,17.1,0
ITA,2016,16.7,0
ITA,2017,18.8,0
ITA,2018,16.4,0
ITA,2019,16.9,0
ITA,2020,18.3,0
ITA,2021,14.1,0
ITA,2022,16.3,0
ITA,2023,22.8,0
JPN,2000,45.5,0
JPN,2001,54.1,0
JPN,2002,47.0,0
JPN,2003,52.2,0
JPN,2004,48.4,0
JPN,2005,46.3,0
JPN,2006,43.5,0
JPN,2007,56.1,0
JPN,2008,31.5,0
JPN,2009,41.7,0
JPN,2010,34.7,0
JPN,2011,26.1,0
JPN,2012,29.6,0
JPN,2013,27.2,0
JPN,2014,27.4,0
JPN,2015,29.1,0
JPN,2016,30.4,0
JPN,2017,24.2,0
JPN,2018,26.6,0
JPN,2019,27.8,0
JPN,2020,23.9,0
JPN,2021,21.6,0
JPN,2022,24.8,0
JPN,2023,27.4,0
KOR,2000,22.7,0
KOR,2001,21.6,0
KOR,2002,19.2,0
KOR,2003,22.9,0
KOR,2004,23.2,0
KOR,2005,20.5,0
KOR,2006,23.2,0
KOR,2007,19.7,0
KOR,2008,13.1,0
KOR,2009,23.4,0
KOR,2010,21.1,0
KOR,2011,17.6,0
KOR,2012,15.1,0
KOR,2013,15.6,0
KOR,2014,14.5,0
KOR,2015,16.3,0
KOR,2016,15.8,0
KOR,2017,13.5,0
KOR,2018,15.8,0
KOR,2019,14.4,0
KOR,2020,13.1,0
KOR,2021,13.1,0
KOR,2022,15.1,0
KOR,2023,18.4,0
LVA,2000,15.4,0
LVA,2001,12.6,0
LVA,2002,8.3,0
LVA,2003,6.1,0
LVA,2004,5.5,0
LVA,2005,9.4,0
LVA,2006,3.6,0
LVA,2007,5.8,0
LVA,2008,4.3,0
LVA,2009,2.3,0
LVA,2010,2.0,0
LVA,2011,2.1,0
LVA,2012,1.4,0
LVA,2013,2.0,0
LVA,2014,2.6,0
LVA,2015,2.4,0
LVA,2016,2.1,0
LVA,2017,3.3,0
LVA,2018,2.8,0
LVA,2019,2.1,0
LVA,2020,2.4,0
LVA,2021,2.4,0
LVA,2022,3.0,0
LVA,2023,3.3,0
LTU,2000,15.3,0
LTU,2001,14.5,0
LTU,2002,11.8,0
LTU,2003,10.9,0
LTU,2004,7.5,0
LTU,2005,5.5,0
LTU,2006,3.1,0
LTU,2007,5.0,0
LTU,2008,4.2,0
LTU,2009,2.1,0
LTU,2010,2.0,0
LTU,2011,2.6,0
LTU,2012,1.7,0
LTU,2013,8.5,0
LTU,2014,3.3,0
LTU,2015,2.9,0
LTU,2016,2.7,0
LTU,2017,3.3,0
LTU,2018,3.0,0
LTU,2019,2.1,0
LTU,2020,3.4,0
LTU,2021,3.9,0
LTU,2022,4.0,0
LTU,2023,4.4,0
LUX,2000,3.0,0
LUX,2001,3.5,0
LUX,2002,4.2,0
LUX,2003,1.8,0
LUX,2004,3.9,0
LUX,2005,4.5,0
LUX,2006,2.0,0
LUX,2007,6.0,0
LUX,2008,2.1,0
LUX,2009,3.3,0
LUX,2010,2.8,0
LUX,2011,1.6,0
LUX,2012,2.2,0
LUX,2013,1.3,0
LUX,2014,2.1,0
LUX,2015,2.7,0
LUX,2016,3.4,0
LUX,2017,4.1,0
LUX,2018,2.9,0
LUX,2019,3.4,0
LUX,2020,2.8,0
LUX,2021,3.0,0
LUX,2022,2.6,0
LUX,2023,3.1,0
MLT,2000,1.7,0
MLT,2001,1.3,0
MLT,2002,0.7,0
MLT,2003,1.6,0
MLT,2004,0.9,0
MLT,2005,0.6,0
MLT,2006,0.3,0
MLT,2007,1.2,0
MLT,2008,2.4,0
MLT,2009,2.5,0
MLT,2010,2.0,0
MLT,2011,2.0,0
MLT,2012,1.9,0
MLT,2013,1.9,0
MLT,2014,1.4,0
MLT,2015,1.1,0
MLT,2016,1.2,0
MLT,2017,1.7,0
MLT,2018,2.4,0
MLT,2019,2.0,0
MLT,2020,1.9,0
MLT,2021,1.5,0
MLT,2022,1.4,0
MLT,2023,1.6,0
MEX,2000,10.5,0
MEX,2001,8.1,0
MEX,2002,6.2,0
MEX,2003,7.0,0
MEX,2004,11.0,0
MEX,2005,5.7,0
MEX,2006,7.2,0
MEX,2007,6.3,0
MEX,2008,8.0,0
MEX,2009,7.2,0
MEX,2010,9.8,0
MEX,2011,7.7,0
MEX,2012,7.5,0
MEX,2013,7.4,0
MEX,2014,9.7,0
MEX,2015,8.5,0
MEX,2016,10.5,0
MEX,2017,11.6,0
MEX,2018,19.3,0
MEX,2019,15.2,0
MEX,2020,11.2,0
MEX,2021,7.2,0
MEX,2022,7.5,0
MEX,2023,6.2,0
NLD,2000,11.5,0
NLD,2001,8.7,0
NLD,2002,10.6,0
NLD,2003,9.5,0
NLD,2004,10.6,0
NLD,2005,10.9,0
NLD,2006,8.2,0
NLD,2007,14.6,0
NLD,2008,9.3,0
NLD,2009,10.3,0
NLD,2010,9.4,0
NLD,2011,8.0,0
NLD,2012,7.9,0
NLD,2013,7.8,0
NLD,2014,8.7,0
NLD,2015,8.6,0
NLD,2016,9.9,0
NLD,2017,10.9,0
NLD,2018,9.4,0
NLD,2019,8.9,0
NLD,2020,8.6,0
NLD,2021,6.7,0
NLD,2022,7.4,0
NLD,2023,9.3,0
NOR,2000,9.0,0
NOR,2001,10.1,0
NOR,2002,14.0,0
NOR,2003,8.8,0
NOR,2004,9.0,0
NOR,2005,7.5,0
NOR,2006,6.5,0
NOR,2007,6.1,0
NOR,2008,7.4,0
NOR,2009,7.4,0
NOR,2010,10.0,0
NOR,2011,6.5,0
NOR,2012,5.9,0
NOR,2013,7.2,0
NOR,2014,6.0,0
NOR,2015,7.8,0
NOR,2016,5.8,0
NOR,2017,7.1,0
NOR,2018,6.8,0
NOR,2019,6.8,0
NOR,2020,5.9,0
NOR,2021,7.3,0
NOR,2022,6.7,0
NOR,2023,8.3,0
POL,2000,20.2,0
POL,2001,18.8,0
POL,2002,14.8,0
POL,2003,30.4,0
POL,2004,16.6,0
POL,2005,13.0,0
POL,2006,10.2,0
POL,2007,13.4,0
POL,2008,19.8,0
POL,2009,18.9,0
POL,2010,9.2,0
POL,2011,7.2,0
POL,2012,6.3,0
POL,2013,6.8,0
POL,2014,6.1,0
POL,2015,6.5,0
POL,2016,6.9,0
POL,2017,7.5,0
POL,2018,8.3,0
POL,2019,8.6,0
POL,2020,7.7,0
POL,2021,7.5,0
POL,2022,11.1,0
POL,2023,9.9,0
PRT,2000,5.4,0
PRT,2001,6.3,0
PRT,2002,6.5,0
PRT,2003,16.4,0
PRT,2004,6.6,0
PRT,2005,8.7,0
PRT,2006,4.6,0
PRT,2007,8.2,0
PRT,2008,12.0,0
PRT,2009,15.9,0
PRT,2010,4.7,0
PRT,2011,3.3,0
PRT,2012,4.0,0
PRT,2013,3.6,0
PRT,2014,4.3,0
PRT,2015,3.0,0
PRT,2016,3.0,0
PRT,2017,4.3,0
PRT,2018,4.9,0
PRT,2019,5.1,0
PRT,2020,3.2,0
PRT,2021,2.6,0
PRT,2022,3.4,0
PRT,2023,4.0,0
ROU,2000,0.5,1
ROU,2001,0.1,1
ROU,2002,0.6,1
ROU,2003,0.5,1
ROU,2004,0.2,1
ROU,2005,0.9,1
ROU,2006,0.2,1
ROU,2007,0.1,1
ROU,2008,0.1,1
ROU,2009,0.1,1
ROU,2010,0.0,1
ROU,2011,0.1,1
ROU,2012,0.0,1
ROU,2013,0.0,1
ROU,2014,0.0,1
ROU,2015,0.0,1
ROU,2016,0.0,1
ROU,2017,0.0,1
ROU,2018,0.0,1
ROU,2019,0.0,1
ROU,2020,0.0,1
ROU,2021,0.0,1
ROU,2022,0.0,1
ROU,2023,0.0,1
RUS,2000,200.2,0
RUS,2001,201.6,0
RUS,2002,194.3,0
RUS,2003,182.6,0
RUS,2004,145.5,0
RUS,2005,126.7,0
RUS,2006,111.1,0
RUS,2007,111.1,0
RUS,2008,87.5,0
RUS,2009,104.4,0
RUS,2010,125.0,0
RUS,2011,71.7,0
RUS,2012,53.2,0
RUS,2013,70.2,0
RUS,2014,99.7,0
RUS,2015,79.9,0
RUS,2016,68.8,0
RUS,2017,80.2,0
RUS,2018,79.3,0
RUS,2019,69.3,0
RUS,2020,50.5,0
RUS,2021,61.1,0
RUS,2022,96.9,0
RUS,2023,61.8,0
SAU,2000,17.4,0
SAU,2001,19.4,0
SAU,2002,11.3,0
SAU,2003,11.7,0
SAU,2004,10.3,0
SAU,2005,8.6,0
SAU,2006,14.6,0
SAU,2007,17.5,0
SAU,2008,10.8,0
SAU,2009,12.7,0
SAU,2010,10.8,0
SAU,2011,13.2,0
SAU,2012,11.5,0
SAU,2013,12.7,0
SAU,2014,14.1,0
SAU,2015,14.5,0
SAU,2016,16.2,0
SAU,2017,20.0,0
SAU,2018,18.8,0
SAU,2019,19.6,0
SAU,2020,11.3,0
SAU,2021,15.9,0
SAU,2022,22.9,0
SAU,2023,30.9,0
SVK,2000,15.7,0
SVK,2001,9.5,0
SVK,2002,9.4,0
SVK,2003,11.6,0
SVK,2004,9.1,0
SVK,2005,7.6,0
SVK,2006,2.6,0
SVK,2007,2.9,0
SVK,2008,6.1,0
SVK,2009,2.2,0
SVK,2010,1.5,0
SVK,2011,1.7,0
SVK,2012,3.4,0
SVK,2013,1.5,0
SVK,2014,2.0,0
SVK,2015,2.8,0
SVK,2016,2.4,0
SVK,2017,1.9,0
SVK,2018,1.9,0
SVK,2019,1.7,0
SVK,2020,1.4,0
SVK,2021,2.2,0
SVK,2022,2.4,0
SVK,2023,3.3,0
ZAF,2000,10.5,0
ZAF,2001,7.1,0
ZAF,2002,16.1,0
ZAF,2003,12.6,0
ZAF,2004,8.3,0
ZAF,2005,7.6,0
ZAF,2006,6.8,0
ZAF,2007,3.0,0
ZAF,2008,3.6,0
ZAF,2009,4.0,0
ZAF,2010,3.9,0
ZAF,2011,3.1,0
ZAF,2012,2.9,0
ZAF,2013,3.8,0
ZAF,2014,3.0,0
ZAF,2015,3.4,0
ZAF,2016,3.2,0
ZAF,2017,2.8,0
ZAF,2018,2.9,0
ZAF,2019,2.5,0
ZAF,2020,1.9,0
ZAF,2021,2.7,0
ZAF,2022,2.8,0
ZAF,2023,3.2,0
ESP,2000,19.5,0
ESP,2001,15.5,0
ESP,2002,16.6,0
ESP,2003,21.9,0
ESP,2004,12.0,0
ESP,2005,14.3,0
ESP,2006,13.0,0
ESP,2007,13.6,0
ESP,2008,8.4,0
ESP,2009,13.5,0
ESP,2010,13.1,0
ESP,2011,10.6,0
ESP,2012,10.1,0
ESP,2013,11.1,0
ESP,2014,9.8,0
ESP,2015,9.5,0
ESP,2016,8.7,0
ESP,2017,10.1,0
ESP,2018,12.1,0
ESP,2019,11.1,0
ESP,2020,10.0,0
ESP,2021,10.9,0
ESP,2022,12.2,0
ESP,2023,11.1,0
SWE,2000,14.1,0
SWE,2001,8.8,0
SWE,2002,6.0,0
SWE,2003,7.3,0
SWE,2004,6.2,0
SWE,2005,7.1,0
SWE,2006,2.8,0
SWE,2007,3.7,0
SWE,2008,5.0,0
SWE,2009,6.5,0
SWE,2010,4.7,0
SWE,2011,5.3,0
SWE,2012,4.5,0
SWE,2013,4.8,0
SWE,2014,3.8,0
SWE,2015,5.3,0
SWE,2016,5.1,0
SWE,2017,5.4,0
SWE,2018,5.2,0
SWE,2019,6.1,0
SWE,2020,6.9,0
SWE,2021,6.4,0
SWE,2022,13.2,0
SWE,2023,13.8,0
TUR,2000,54.4,0
TUR,2001,38.0,0
TUR,2002,28.7,0
TUR,2003,29.7,0
TUR,2004,33.4,0
TUR,2005,40.0,0
TUR,2006,23.5,0
TUR,2007,30.5,0
TUR,2008,21.5,0
TUR,2009,48.3,0
TUR,2010,50.3,0
TUR,2011,30.8,0
TUR,2012,24.5,0
TUR,2013,24.4,0
TUR,2014,19.9,0
TUR,2015,20.1,0
TUR,2016,24.1,0
TUR,2017,30.8,0
TUR,2018,22.8,0
TUR,2019,25.0,0
TUR,2020,25.8,0
TUR,2021,21.3,0
TUR,2022,33.7,0
TUR,2023,32.4,0
GBR,2000,52.1,0
GBR,2001,35.1,0
GBR,2002,42.2,0
GBR,2003,52.6,0
GBR,2004,37.4,0
GBR,2005,47.9,0
GBR,2006,39.4,0
GBR,2007,43.0,0
GBR,2008,36.0,0
GBR,2009,49.5,0
GBR,2010,42.0,0
GBR,2011,34.4,0
GBR,2012,35.9,0
GBR,2013,41.6,0
GBR,2014,45.9,0
GBR,2015,54.8,0
GBR,2016,50.8,0
GBR,2017,54.6,0
GBR,2018,72.3,0
GBR,2019,65.6,0
GBR,2020,72.4,0
GBR,2021,74.8,0
GBR,2022,66.2,0
GBR,2023,60.8,0
USA,2000,155.8,0
USA,2001,138.4,0
USA,2002,169.2,0
USA,2003,169.0,0
USA,2004,115.0,0
USA,2005,124.9,0
USA,2006,163.0,0
USA,2007,180.2,0
USA,2008,202.9,0
USA,2009,210.7,0
USA,2010,249.3,0
USA,2011,212.7,0
USA,2012,221.9,0
USA,2013,248.7,0
USA,2014,255.7,0
USA,2015,212.5,0
USA,2016,210.7,0
USA,2017,216.7,0
USA,2018,219.9,0
USA,2019,223.3,0
USA,2020,243.5,0
USA,2021,232.6,0
USA,2022,213.3,0
USA,2023,210.6,0
