iso,year,rta_stock
ARG,2000,0
ARG,2001,0
ARG,2002,0
ARG,2003,0
ARG,2004,0
ARG,2005,0
ARG,2006,0
ARG,2007,0
ARG,2008,0
ARG,2009,0
ARG,2010,1
ARG,2011,0
ARG,2012,0
ARG,2013,0
ARG,2014,0
ARG,2015,0
ARG,2016,0
ARG,2017,1
ARG,2018,1
ARG,2019,2
ARG,2020,0
ARG,2021,0
ARG,2022,0
ARG,2023,0
AUS,2000,0
AUS,2001,0
AUS,2002,0
AUS,2003,1
AUS,2004,2
AUS,2005,0
AUS,2006,0
AUS,2007,0
AUS,2008,0
AUS,2009,1
AUS,2010,1
AUS,2011,0
AUS,2012,0
AUS,2013,1
AUS,2014,1
AUS,2015,1
AUS,2016,1
AUS,2017,0
AUS,2018,1
AUS,2019,0
AUS,2020,2
AUS,2021,2
AUS,2022,0
AUS,2023,2
AUT,2000,4
AUT,2001,1
AUT,2002,1
AUT,2003,1
AUT,2004,1
AUT,2005,0
AUT,2006,1
AUT,2007,1
AUT,2008,4
AUT,2009,1
AUT,2010,2
AUT,2011,2
AUT,2012,1
AUT,2013,2
AUT,2014,3
AUT,2015,0
AUT,2016,0
AUT,2017,3
AUT,2018,0
AUT,2019,2
AUT,2020,2
AUT,2021,1
AUT,2022,0
AUT,2023,0
BEL,2000,4
BEL,2001,1
BEL,2002,1
BEL,2003,1
BEL,2004,1
BEL,2005,0
BEL,2006,1
BEL,2007,1
BEL,2008,4
BEL,2009,1
BEL,2010,2
BEL,2011,2
BEL,2012,1
BEL,2013,2
BEL,2014,3
BEL,2015,0
BEL,2016,0
BEL,2017,3
BEL,2018,0
BEL,2019,2
BEL,2020,2
BEL,2021,1
BEL,2022,0
BEL,2023,0
BRA,2000,0
BRA,2001,0
BRA,2002,0
BRA,2003,0
BRA,2004,0
BRA,2005,0
BRA,2006,0
BRA,2007,0
BRA,2008,0
BRA,2009,0
BRA,2010,1
BRA,2011,0
BRA,2012,0
BRA,2013,0
BRA,2014,0
BRA,2015,0
BRA,2016,0
BRA,2017,1
BRA,2018,1
BRA,2019,2
BRA,2020,0
BRA,2021,0
BRA,2022,0
BRA,2023,0
BGR,2000,0
BGR,2001,0
BGR,2002,0
BGR,2003,0
BGR,2004,0
BGR,2005,0
BGR,2006,0
BGR,2007,1
BGR,2008,4
BGR,2009,1
BGR,2010,2
BGR,2011,2
BGR,2012,1
BGR,2013,2
BGR,2014,3
BGR,2015,0
BGR,2016,0
BGR,2017,3
BGR,2018,0
BGR,2019,2
BGR,2020,2
BGR,2021,1
BGR,2022,0
BGR,2023,0
CAN,2000,0
CAN,2001,0
CAN,2002,0
CAN,2003,1
CAN,2004,0
CAN,2005,0
CAN,2006,0
CAN,2007,0
CAN,2008,0
CAN,2009,2
CAN,2010,0
CAN,2011,1
CAN,2012,0
CAN,2013,2
CAN,2014,0
CAN,2015,2
CAN,2016,0
CAN,2017,1
CAN,2018,1
CAN,2019,0
CAN,2020,2
CAN,2021,0
CAN,2022,0
CAN,2023,0
CHN,2000,0
CHN,2001,0
CHN,2002,0
CHN,2003,2
CHN,2004,0
CHN,2005,1
CHN,2006,0
CHN,2007,1
CHN,2008,1
CHN,2009,2
CHN,2010,1
CHN,2011,0
CHN,2012,1
CHN,2013,0
CHN,2014,2
CHN,2015,0
CHN,2016,2
CHN,2017,0
CHN,2018,1
CHN,2019,0
CHN,2020,0
CHN,2021,1
CHN,2022,0
CHN,2023,0
HRV,2000,0
HRV,2001,0
HRV,2002,0
HRV,2003,0
HRV,2004,0
HRV,2005,0
HRV,2006,0
HRV,2007,0
HRV,2008,0
HRV,2009,0
HRV,2010,0
HRV,2011,0
HRV,2012,0
HRV,2013,2
HRV,2014,3
HRV,2015,0
HRV,2016,0
HRV,2017,3
HRV,2018,0
HRV,2019,2
HRV,2020,2
HRV,2021,1
HRV,2022,0
HRV,2023,0
CYP,2000,0
CYP,2001,0
CYP,2002,0
CYP,2003,0
CYP,2004,1
CYP,2005,0
CYP,2006,1
CYP,2007,1
CYP,2008,4
CYP,2009,1
CYP,2010,2
CYP,2011,2
CYP,2012,1
CYP,2013,2
CYP,2014,3
CYP,2015,0
CYP,2016,0
CYP,2017,3
CYP,2018,0
CYP,2019,2
CYP,2020,2
CYP,2021,1
CYP,2022,0
CYP,2023,0
CZE,2000,0
CZE,2001,0
CZE,2002,0
CZE,2003,0
CZE,2004,1
CZE,2005,0
CZE,2006,1
CZE,2007,1
CZE,2008,4
CZE,2009,1
CZE,2010,2
CZE,2011,2
CZE,2012,1
CZE,2013,2
CZE,2014,3
CZE,2015,0
CZE,2016,0
CZE,2017,3
CZE,2018,0
CZE,2019,2
CZE,2020,2
CZE,2021,1
CZE,2022,0
CZE,2023,0
DNK,2000,4
DNK,2001,1
DNK,2002,1
DNK,2003,1
DNK,2004,1
DNK,2005,0
DNK,2006,1
DNK,2007,1
DNK,2008,4
DNK,2009,1
DNK,2010,2
DNK,2011,2
DNK,2012,1
DNK,2013,2
DNK,2014,3
DNK,2015,0
DNK,2016,0
DNK,2017,3
DNK,2018,0
DNK,2019,2
DNK,2020,2
DNK,2021,1
DNK,2022,0
DNK,2023,0
EST,2000,0
EST,2001,0
EST,2002,0
EST,2003,0
EST,2004,1
EST,2005,0
EST,2006,1
EST,2007,1
EST,2008,4
EST,2009,1
EST,2010,2
EST,2011,2
EST,2012,1
EST,2013,2
EST,2014,3
EST,2015,0
EST,2016,0
EST,2017,3
EST,2018,0
EST,2019,2
EST,2020,2
EST,2021,1
EST,2022,0
EST,2023,0
FIN,2000,4
FIN,2001,1
FIN,2002,1
FIN,2003,1
FIN,2004,1
FIN,2005,0
FIN,2006,1
FIN,2007,1
FIN,2008,4
FIN,2009,1
FIN,2010,2
FIN,2011,2
FIN,2012,1
FIN,2013,2
FIN,2014,3
FIN,2015,0
FIN,2016,0
FIN,2017,3
FIN,2018,0
FIN,2019,2
FIN,2020,2
FIN,2021,1
FIN,2022,0
FIN,2023,0
FRA,2000,4
FRA,2001,1
FRA,2002,1
FRA,2003,1
FRA,2004,1
FRA,2005,0
FRA,2006,1
FRA,2007,1
FRA,2008,4
FRA,2009,1
FRA,2010,2
FRA,2011,2
FRA,2012,1
FRA,2013,2
FRA,2014,3
FRA,2015,0
FRA,2016,0
FRA,2017,3
FRA,2018,0
FRA,2019,2
FRA,2020,2
FRA,2021,1
FRA,2022,0
FRA,2023,0
DEU,2000,4
DEU,2001,1
DEU,2002,1
DEU,2003,1
DEU,2004,1
DEU,2005,0
DEU,2006,1
DEU,2007,1
DEU,2008,4
DEU,2009,1
DEU,2010,2
DEU,2011,2
DEU,2012,1
DEU,2013,2
DEU,2014,3
DEU,2015,0
DEU,2016,0
DEU,2017,3
DEU,2018,0
DEU,2019,2
DEU,2020,2
DEU,2021,1
DEU,2022,0
DEU,2023,0
GRC,2000,4
GRC,2001,1
GRC,2002,1
GRC,2003,1
GRC,2004,1
GRC,2005,0
GRC,2006,1
GRC,2007,1
GRC,2008,4
GRC,2009,1
GRC,2010,2
GRC,2011,2
GRC,2012,1
GRC,2013,2
GRC,2014,3
GRC,2015,0
GRC,2016,0
GRC,2017,3
GRC,2018,0
GRC,2019,2
GRC,2020,2
GRC,2021,1
GRC,2022,0
GRC,2023,0
HUN,2000,0
HUN,2001,0
HUN,2002,0
HUN,2003,0
HUN,2004,1
HUN,2005,0
HUN,2006,1
HUN,2007,1
HUN,2008,4
HUN,2009,1
HUN,2010,2
HUN,2011,2
HUN,2012,1
HUN,2013,2
HUN,2014,3
HUN,2015,0
HUN,2016,0
HUN,2017,3
HUN,2018,0
HUN,2019,2
HUN,2020,2
HUN,2021,1
HUN,2022,0
HUN,2023,0
IND,2000,0
IND,2001,0
IND,2002,1
IND,2003,0
IND,2004,0
IND,2005,0
IND,2006,0
IND,2007,1
IND,2008,2
IND,2009,1
IND,2010,5
IND,2011,2
IND,2012,0
IND,2013,0
IND,2014,0
IND,2015,0
IND,2016,0
IND,2017,1
IND,2018,0
IND,2019,0
IND,2020,0
IND,2021,1
IND,2022,1
IND,2023,1
IDN,2000,0
IDN,2001,0
IDN,2002,0
IDN,2003,0
IDN,2004,0
IDN,2005,1
IDN,2006,0
IDN,2007,0
IDN,2008,1
IDN,2009,1
IDN,2010,3
IDN,2011,0
IDN,2012,0
IDN,2013,0
IDN,2014,0
IDN,2015,0
IDN,2016,0
IDN,2017,0
IDN,2018,0
IDN,2019,1
IDN,2020,1
IDN,2021,3
IDN,2022,1
IDN,2023,2
IRL,2000,4
IRL,2001,1
IRL,2002,1
IRL,2003,1
IRL,2004,1
IRL,2005,0
IRL,2006,1
IRL,2007,1
IRL,2008,4
IRL,2009,1
IRL,2010,2
IRL,2011,2
IRL,2012,1
IRL,2013,2
IRL,2014,3
IRL,2015,0
IRL,2016,0
IRL,2017,3
IRL,2018,0
IRL,2019,2
IRL,2020,2
IRL,2021,1
IRL,2022,0
IRL,2023,0
ITA,2000,4
ITA,2001,1
ITA,2002,1
ITA,2003,1
ITA,2004,1
ITA,2005,0
ITA,2006,1
ITA,2007,1
ITA,2008,4
ITA,2009,1
ITA,2010,2
ITA,2011,2
ITA,2012,1
ITA,2013,2
ITA,2014,3
ITA,2015,0
ITA,2016,0
ITA,2017,3
ITA,2018,0
ITA,2019,2
ITA,2020,2
ITA,2021,1
ITA,2022,0
ITA,2023,0
JPN,2000,0
JPN,2001,0
JPN,2002,1
JPN,2003,0
JPN,2004,0
JPN,2005,1
JPN,2006,1
JPN,2007,2
JPN,2008,3
JPN,2009,3
JPN,2010,0
JPN,2011,1
JPN,2012,1
JPN,2013,0
JPN,2014,0
JPN,2015,1
JPN,2016,1
JPN,2017,0
JPN,2018,1
JPN,2019,1
JPN,2020,1
JPN,2021,0
JPN,2022,0
JPN,2023,0
KOR,2000,0
KOR,2001,0
KOR,2002,0
KOR,2003,0
KOR,2004,1
KOR,2005,0
KOR,2006,2
KOR,2007,0
KOR,2008,0
KOR,2009,0
KOR,2010,2
KOR,2011,2
KOR,2012,1
KOR,2013,1
KOR,2014,1
KOR,2015,2
KOR,2016,3
KOR,2017,0
KOR,2018,0
KOR,2019,0
KOR,2020,1
KOR,2021,1
KOR,2022,0
KOR,2023,2
LVA,2000,0
LVA,2001,0
LVA,2002,0
LVA,2003,0
LVA,2004,1
LVA,2005,0
LVA,2006,1
LVA,2007,1
LVA,2008,4
LVA,2009,1
LVA,2010,2
LVA,2011,2
LVA,2012,1
LVA,2013,2
LVA,2014,3
LVA,2015,0
LVA,2016,0
LVA,2017,3
LVA,2018,0
LVA,2019,2
LVA,2020,2
LVA,2021,1
LVA,2022,0
LVA,2023,0
LTU,2000,0
LTU,2001,0
LTU,2002,0
LTU,2003,0
LTU,2004,1
LTU,2005,0
LTU,2006,1
LTU,2007,1
LTU,2008,4
LTU,2009,1
LTU,2010,2
LTU,2011,2
LTU,2012,1
LTU,2013,2
LTU,2014,3
LTU,2015,0
LTU,2016,0
LTU,2017,3
LTU,2018,0
LTU,2019,2
LTU,2020,2
LTU,2021,1
LTU,2022,0
LTU,2023,0
LUX,2000,4
LUX,2001,1
LUX,2002,1
LUX,2003,1
LUX,2004,1
LUX,2005,0
LUX,2006,1
LUX,2007,1
LUX,2008,4
LUX,2009,1
LUX,2010,2
LUX,2011,2
LUX,2012,1
LUX,2013,2
LUX,2014,3
LUX,2015,0
LUX,2016,0
LUX,2017,3
LUX,2018,0
LUX,2019,2
LUX,2020,2
LUX,2021,1
LUX,2022,0
LUX,2023,0
MLT,2000,0
MLT,2001,0
MLT,2002,0
MLT,2003,0
MLT,2004,1
MLT,2005,0
MLT,2006,1
MLT,2007,1
MLT,2008,4
MLT,2009,1
MLT,2010,2
MLT,2011,2
MLT,2012,1
MLT,2013,2
MLT,2014,3
MLT,2015,0
MLT,2016,0
MLT,2017,3
MLT,2018,0
MLT,2019,2
MLT,2020,2
MLT,2021,1
MLT,2022,0
MLT,2023,0
MEX,2000,1
MEX,2001,3
MEX,2002,0
MEX,2003,0
MEX,2004,0
MEX,2005,1
MEX,2006,0
MEX,2007,0
MEX,2008,0
MEX,2009,0
MEX,2010,1
MEX,2011,0
MEX,2012,1
MEX,2013,1
MEX,2014,1
MEX,2015,0
MEX,2016,2
MEX,2017,0
MEX,2018,1
MEX,2019,6
MEX,2020,1
MEX,2021,1
MEX,2022,0
MEX,2023,0
NLD,2000,4
NLD,2001,1
NLD,2002,1
NLD,2003,1
NLD,2004,1
NLD,2005,0
NLD,2006,1
NLD,2007,1
NLD,2008,4
NLD,2009,1
NLD,2010,2
NLD,2011,2
NLD,2012,1
NLD,2013,2
NLD,2014,3
NLD,2015,0
NLD,2016,0
NLD,2017,3
NLD,2018,0
NLD,2019,2
NLD,2020,2
NLD,2021,1
NLD,2022,0
NLD,2023,0
NOR,2000,2
NOR,2001,1
NOR,2002,1
NOR,2003,1
NOR,2004,1
NOR,2005,1
NOR,2006,2
NOR,2007,1
NOR,2008,1
NOR,2009,1
NOR,2010,1
NOR,2011,3
NOR,2012,3
NOR,2013,0
NOR,2014,1
NOR,2015,1
NOR,2016,0
NOR,2017,1
NOR,2018,1
NOR,2019,0
NOR,2020,0
NOR,2021,1
NOR,2022,4
NOR,2023,0
POL,2000,0
POL,2001,0
POL,2002,0
POL,2003,0
POL,2004,1
POL,2005,0
POL,2006,1
POL,2007,1
POL,2008,4
POL,2009,1
POL,2010,2
POL,2011,2
POL,2012,1
POL,2013,2
POL,2014,3
POL,2015,0
POL,2016,0
POL,2017,3
POL,2018,0
POL,2019,2
POL,2020,2
POL,2021,1
POL,2022,0
POL,2023,0
PRT,2000,4
PRT,2001,1
PRT,2002,1
PRT,2003,1
PRT,2004,1
PRT,2005,0
PRT,2006,1
PRT,2007,1
PRT,2008,4
PRT,2009,1
PRT,2010,2
PRT,2011,2
PRT,2012,1
PRT,2013,2
PRT,2014,3
PRT,2015,0
PRT,2016,0
PRT,2017,3
PRT,2018,0
PRT,2019,2
PRT,2020,2
PRT,2021,1
PRT,2022,0
PRT,2023,0
ROU,2000,0
ROU,2001,0
ROU,2002,0
ROU,2003,0
ROU,2004,0
ROU,2005,0
ROU,2006,0
ROU,2007,1
ROU,2008,4
ROU,2009,1
ROU,2010,2
ROU,2011,2
ROU,2012,1
ROU,2013,2
ROU,2014,3
ROU,2015,0
ROU,2016,0
ROU,2017,3
ROU,2018,0
ROU,2019,2
ROU,2020,2
ROU,2021,1
ROU,2022,0
ROU,2023,0
RUS,2000,0
RUS,2001,1
RUS,2002,0
RUS,2003,0
RUS,2004,0
RUS,2005,0
RUS,2006,0
RUS,2007,0
RUS,2008,0
RUS,2009,0
RUS,2010,0
RUS,2011,0
RUS,2012,2
RUS,2013,3
RUS,2014,1
RUS,2015,0
RUS,2016,0
RUS,2017,1
RUS,2018,0
RUS,2019,0
RUS,2020,0
RUS,2021,1
RUS,2022,0
RUS,2023,0
SAU,2000,0
SAU,2001,0
SAU,2002,0
SAU,2003,0
SAU,2004,0
SAU,2005,0
SAU,2006,2
SAU,2007,0
SAU,2008,0
SAU,2009,0
SAU,2010,0
SAU,2011,0
SAU,2012,0
SAU,2013,0
SAU,2014,0
SAU,2015,1
SAU,2016,0
SAU,2017,0
SAU,2018,0
SAU,2019,0
SAU,2020,0
SAU,2021,0
SAU,2022,1
SAU,2023,0
SVK,2000,0
SVK,2001,0
SVK,2002,0
SVK,2003,0
SVK,2004,1
SVK,2005,0
SVK,2006,1
SVK,2007,1
SVK,2008,4
SVK,2009,1
SVK,2010,2
SVK,2011,2
SVK,2012,1
SVK,2013,2
SVK,2014,3
SVK,2015,0
SVK,2016,0
SVK,2017,3
SVK,2018,0
SVK,2019,2
SVK,2020,2
SVK,2021,1
SVK,2022,0
SVK,2023,0
SVN,2000,0
SVN,2001,0
SVN,2002,0
SVN,2003,0
SVN,2004,1
SVN,2005,0
SVN,2006,1
SVN,2007,1
SVN,2008,4
SVN,2009,1
SVN,2010,2
SVN,2011,2
SVN,2012,1
SVN,2013,2
SVN,2014,3
SVN,2015,0
SVN,2016,0
SVN,2017,3
SVN,2018,0
SVN,2019,2
SVN,2020,2
SVN,2021,1
SVN,2022,0
SVN,2023,0
ZAF,2000,1
ZAF,2001,0
ZAF,2002,0
ZAF,2003,0
ZAF,2004,1
ZAF,2005,0
ZAF,2006,0
ZAF,2007,1
ZAF,2008,1
ZAF,2009,0
ZAF,2010,0
ZAF,2011,0
ZAF,2012,0
ZAF,2013,0
ZAF,2014,0
ZAF,2015,0
ZAF,2016,0
ZAF,2017,2
ZAF,2018,0
ZAF,2019,0
ZAF,2020,0
ZAF,2021,1
ZAF,2022,0
ZAF,2023,0
ESP,2000,4
ESP,2001,1
ESP,2002,1
ESP,2003,1
ESP,2004,1
ESP,2005,0
ESP,2006,1
ESP,2007,1
ESP,2008,4
ESP,2009,1
ESP,2010,2
ESP,2011,2
ESP,2012,1
ESP,2013,2
ESP,2014,3
ESP,2015,0
ESP,2016,0
ESP,2017,3
ESP,2018,0
ESP,2019,2
ESP,2020,2
ESP,2021,1
ESP,2022,0
ESP,2023,0
SWE,2000,4
SWE,2001,1
SWE,2002,1
SWE,2003,1
SWE,2004,1
SWE,2005,0
SWE,2006,1
SWE,2007,1
SWE,2008,4
SWE,2009,1
SWE,2010,2
SWE,2011,2
SWE,2012,1
SWE,2013,2
SWE,2014,3
SWE,2015,0
SWE,2016,0
SWE,2017,3
SWE,2018,0
SWE,2019,2
SWE,2020,2
SWE,2021,1
SWE,2022,0
SWE,2023,0
TUR,2000,0
TUR,2001,1
TUR,2002,0
TUR,2003,0
TUR,2004,0
TUR,2005,2
TUR,2006,1
TUR,2007,2
TUR,2008,1
TUR,2009,1
TUR,2010,2
TUR,2011,1
TUR,2012,0
TUR,2013,2
TUR,2014,0
TUR,2015,0
TUR,2016,1
TUR,2017,1
TUR,2018,1
TUR,2019,0
TUR,2020,1
TUR,2021,1
TUR,2022,2
TUR,2023,0
GBR,2000,4
GBR,2001,1
GBR,2002,1
GBR,2003,1
GBR,2004,1
GBR,2005,0
GBR,2006,1
GBR,2007,1
GBR,2008,4
GBR,2009,1
GBR,2010,2
GBR,2011,2
GBR,2012,1
GBR,2013,2
GBR,2014,3
GBR,2015,0
GBR,2016,0
GBR,2017,3
GBR,2018,1
GBR,2019,2
GBR,2020,28
GBR,2021,8
GBR,2022,0
GBR,2023,2
USA,2000,0
USA,2001,0
USA,2002,1
USA,2003,2
USA,2004,1
USA,2005,1
USA,2006,2
USA,2007,0
USA,2008,0
USA,2009,2
USA,2010,0
USA,2011,0
USA,2012,3
USA,2013,0
USA,2014,0
USA,2015,0
USA,2016,0
USA,2017,0
USA,2018,0
USA,2019,0
USA,2020,1
USA,2021,0
USA,2022,0
USA,2023,0
