iso,country,year,fdi_outflow_pct_gdp
ARG,Argentina,2000,0.317035999467937
ARG,Argentina,2001,0.0598729562211523
ARG,Argentina,2002,-0.641746114274746
ARG,Argentina,2003,0.606472572254758
ARG,Argentina,2004,0.410542023782955
ARG,Argentina,2005,0.659695664726798
ARG,Argentina,2006,1.04865387216475
ARG,Argentina,2007,0.523155949452163
ARG,Argentina,2008,0.384705758443082
ARG,Argentina,2009,0.213692689034262
ARG,Argentina,2010,0.227738014604062
ARG,Argentina,2011,0.280670980642015
ARG,Argentina,2012,0.193202129776025
ARG,Argentina,2013,0.161219624584565
ARG,Argentina,2014,0.364900179293752
ARG,Argentina,2015,0.147160030086657
ARG,Argentina,2016,0.320435402314201
ARG,Argentina,2017,0.179549291188484
ARG,Argentina,2018,0.328871218075169
ARG,Argentina,2019,0.340080898652055
ARG,Argentina,2020,0.305173266187524
ARG,Argentina,2021,0.317298745187022
ARG,Argentina,2022,0.329630467537955
ARG,Argentina,2023,0.465502912082337
AUS,Australia,2000,0.98224998845279
AUS,Australia,2001,3.51793600501441
AUS,Australia,2002,1.75925825328776
AUS,Australia,2003,3.96950924145422
AUS,Australia,2004,1.58940274409427
AUS,Australia,2005,-4.69472657586151
AUS,Australia,2006,3.21225338051937
AUS,Australia,2007,1.68348370451569
AUS,Australia,2008,3.01268140598832
AUS,Australia,2009,1.23034079079379
AUS,Australia,2010,1.56768207893318
AUS,Australia,2011,0.588096441869602
AUS,Australia,2012,0.371194931441452
AUS,Australia,2013,-0.0486005822677706
AUS,Australia,2014,1.53022518868122
AUS,Australia,2015,0.608694985244069
AUS,Australia,2016,-0.256575969452807
AUS,Australia,2017,0.751741634576957
AUS,Australia,2018,0.0719923583502421
AUS,Australia,2019,0.63637512136732
AUS,Australia,2020,0.554935675263427
AUS,Australia,2021,0.592613958965963
AUS,Australia,2022,7.51047314791849
AUS,Australia,2023,0.767352799619242
AUT,Austria,2000,2.80836204554254
AUT,Austria,2001,1.53803942389357
AUT,Austria,2002,2.71589421753613
AUT,Austria,2003,2.63048786627182
AUT,Austria,2004,2.68369655018252
AUT,Austria,2005,25.8922848397657
AUT,Austria,2006,4.81807727912234
AUT,Austria,2007,20.436412789995
AUT,Austria,2008,6.50064952990812
AUT,Austria,2009,3.89645864576921
AUT,Austria,2010,-3.67537288373104
AUT,Austria,2011,8.89261300943974
AUT,Austria,2012,4.53454843230153
AUT,Austria,2013,2.58591288955827
AUT,Austria,2014,-0.199601925490971
AUT,Austria,2015,-0.178036877215449
AUT,Austria,2016,-7.04252831221322
AUT,Austria,2017,1.93098718073709
AUT,Austria,2018,-6.09039902459401
AUT,Austria,2019,-1.87173173565785
AUT,Austria,2020,0.48672694195965
AUT,Austria,2021,6.05460880660191
AUT,Austria,2022,3.04590408098417
AUT,Austria,2023,1.61999885650409
BEL,Belgium,2000,36.4714779710626
BEL,Belgium,2001,42.512240460582
BEL,Belgium,2002,3.45219479750912
BEL,Belgium,2003,12.2817329434308
BEL,Belgium,2004,9.41114900942278
BEL,Belgium,2005,8.43585987028476
BEL,Belgium,2006,12.2791987723086
BEL,Belgium,2007,17.7222560450955
BEL,Belgium,2008,43.1555707283894
BEL,Belgium,2009,6.87390904168329
BEL,Belgium,2010,13.8772681684325
BEL,Belgium,2011,24.4891457051935
BEL,Belgium,2012,8.32532392138687
BEL,Belgium,2013,-2.36008708619108
BEL,Belgium,2014,-0.0777398081454568
BEL,Belgium,2015,1.58989584104312
BEL,Belgium,2016,7.28594241414879
BEL,Belgium,2017,-1.05810784132874
BEL,Belgium,2018,-6.63451630982043
BEL,Belgium,2019,-3.35575185995981
BEL,Belgium,2020,-3.83930510608584
BEL,Belgium,2021,10.4286546352298
BEL,Belgium,2022,5.79142292897894
BEL,Belgium,2023,-1.63792253567514
BGR,Bulgaria,2000,0.0247905732166786
BGR,Bulgaria,2001,0.0681085776599523
BGR,Bulgaria,2002,0.172751444061029
BGR,Bulgaria,2003,0.125332233228913
BGR,Bulgaria,2004,0.73921835474347
BGR,Bulgaria,2005,0.312475086715992
BGR,Bulgaria,2006,0.848460451752763
BGR,Bulgaria,2007,2.18796109376986
BGR,Bulgaria,2008,2.05103702244794
BGR,Bulgaria,2009,0.694352279853578
BGR,Bulgaria,2010,1.16242035016759
BGR,Bulgaria,2011,0.853560636361578
BGR,Bulgaria,2012,0.755030049303715
BGR,Bulgaria,2013,0.629750403718457
BGR,Bulgaria,2014,1.54572704255765
BGR,Bulgaria,2015,0.242709495957386
BGR,Bulgaria,2016,1.53344520286426
BGR,Bulgaria,2017,0.837864420382459
BGR,Bulgaria,2018,1.39839866299815
BGR,Bulgaria,2019,1.21018106656424
BGR,Bulgaria,2020,0.639618303391621
BGR,Bulgaria,2021,1.30532592863599
BGR,Bulgaria,2022,1.89389585363918
BGR,Bulgaria,2023,1.1610061155285
BRA,Brazil,2000,0.380970743096422
BRA,Brazil,2001,-0.265917235337519
BRA,Brazil,2002,0.486176339276873
BRA,Brazil,2003,0.040984444559659
BRA,Brazil,2004,1.46759886469783
BRA,Brazil,2005,0.326410992822573
BRA,Brazil,2006,2.60000709335057
BRA,Brazil,2007,1.22117774576324
BRA,Brazil,2008,1.5399495329522
BRA,Brazil,2009,-0.273058417801631
BRA,Brazil,2010,1.21163316114248
BRA,Brazil,2011,0.614149754513495
BRA,Brazil,2012,0.0845059693281943
BRA,Brazil,2013,0.632618089588775
BRA,Brazil,2014,0.839026342932516
BRA,Brazil,2015,0.17389612154883
BRA,Brazil,2016,0.8182622512777
BRA,Brazil,2017,1.03418260634502
BRA,Brazil,2018,0.105614993632315
BRA,Brazil,2019,1.21815769940391
BRA,Brazil,2020,-0.234891708950017
BRA,Brazil,2021,0.972038153023479
BRA,Brazil,2022,1.70880593961054
BRA,Brazil,2023,1.14766577765225
CAN,Canada,2000,6.263691864472
CAN,Canada,2001,4.98413669935384
CAN,Canada,2002,3.84350637811262
CAN,Canada,2003,2.61622110042376
CAN,Canada,2004,4.36577275400549
CAN,Canada,2005,2.3253930653343
CAN,Canada,2006,3.81661596540211
CAN,Canada,2007,4.43493819822445
CAN,Canada,2008,5.7108154189881
CAN,Canada,2009,2.74540405942969
CAN,Canada,2010,2.24697372944257
CAN,Canada,2011,2.79338235214638
CAN,Canada,2012,3.40460684403804
CAN,Canada,2013,2.9494805401671
CAN,Canada,2014,3.59849019534592
CAN,Canada,2015,5.39115202955574
CAN,Canada,2016,4.42448518083757
CAN,Canada,2017,4.74075262171788
CAN,Canada,2018,3.63758055489965
CAN,Canada,2019,4.35318412379976
CAN,Canada,2020,2.86462229528957
CAN,Canada,2021,5.17851930162797
CAN,Canada,2022,4.03840862746785
CAN,Canada,2023,4.17502377224267
CHN,China,2000,0.376872846411855
CHN,China,2001,0.715552633025224
CHN,China,2002,0.421798782655239
CHN,China,2003,0.502171572092667
CHN,China,2004,0.401805038340901
CHN,China,2005,0.592416932233762
CHN,China,2006,0.857324433478769
CHN,China,2007,0.4759859598775
CHN,China,2008,1.2157288444061
CHN,China,2009,0.845733374735046
CHN,China,2010,0.935857767198173
CHN,China,2011,0.631154502779283
CHN,China,2012,0.748972766092931
CHN,China,2013,0.748947440588956
CHN,China,2014,1.15348889141033
CHN,China,2015,1.54590501792777
CHN,China,2016,1.8891760278129
CHN,China,2017,1.10302784708842
CHN,China,2018,1.01094815237317
CHN,China,2019,0.940305142431585
CHN,China,2020,1.02505043291814
CHN,China,2021,0.982313479294658
CHN,China,2022,1.1467645106016
CHN,China,2023,1.23516227448843
CYP,Cyprus,2000,1.72335869887923
CYP,Cyprus,2001,2.39605824552592
CYP,Cyprus,2002,4.79897407810124
CYP,Cyprus,2003,4.0535338616546
CYP,Cyprus,2004,4.10910143925839
CYP,Cyprus,2005,2.97080353088426
CYP,Cyprus,2006,4.47266299458608
CYP,Cyprus,2007,5.26783259106413
CYP,Cyprus,2008,60.871652270059
CYP,Cyprus,2009,247.102780965236
CYP,Cyprus,2010,127.860312115559
CYP,Cyprus,2011,178.512669803421
CYP,Cyprus,2012,313.375567452819
CYP,Cyprus,2013,141.287308054241
CYP,Cyprus,2014,271.536362508447
CYP,Cyprus,2015,195.132322146913
CYP,Cyprus,2016,-14.3075170057493
CYP,Cyprus,2017,235.015565261595
CYP,Cyprus,2018,407.490371446938
CYP,Cyprus,2019,424.867593747866
CYP,Cyprus,2020,-382.686794368589
CYP,Cyprus,2021,7.776537328519
CYP,Cyprus,2022,-17.3876096235812
CYP,Cyprus,2023,-95.1677388126815
CZE,Czechia,2000,0.0686416458914502
CZE,Czechia,2001,0.24168938861601
CZE,Czechia,2002,0.25590367822359
CZE,Czechia,2003,0.207077042201683
CZE,Czechia,2004,2.06676901573978
CZE,Czechia,2005,1.53085672495637
CZE,Czechia,2006,1.97734948714015
CZE,Czechia,2007,2.55309454048771
CZE,Czechia,2008,2.77276294778781
CZE,Czechia,2009,1.60412630691447
CZE,Czechia,2010,2.48586521574467
CZE,Czechia,2011,0.689707293951698
CZE,Czechia,2012,1.54617016095562
CZE,Czechia,2013,3.63224095093192
CZE,Czechia,2014,1.9317259372448
CZE,Czechia,2015,1.9703845042454
CZE,Czechia,2016,1.5841702547487
CZE,Czechia,2017,4.24269731572456
CZE,Czechia,2018,2.41274128588425
CZE,Czechia,2019,1.85997139763017
CZE,Czechia,2020,0.831229365623544
CZE,Czechia,2021,3.967694097711
CZE,Czechia,2022,1.87936942184381
CZE,Czechia,2023,2.44834224639404
DEU,Germany,2000,4.99100476710523
DEU,Germany,2001,3.57214950500352
DEU,Germany,2002,0.818261180863055
DEU,Germany,2003,1.55050298297837
DEU,Germany,2004,0.317975728923654
DEU,Germany,2005,3.07339288372738
DEU,Germany,2006,4.85752917525052
DEU,Germany,2007,4.03706163569944
DEU,Germany,2008,2.57404356393723
DEU,Germany,2009,2.8672281295853
DEU,Germany,2010,4.22956614760212
DEU,Germany,2011,2.82218944381668
DEU,Germany,2012,2.75497631091479
DEU,Germany,2013,2.45055772926148
DEU,Germany,2014,2.66057441329734
DEU,Germany,2015,3.48197757364295
DEU,Germany,2016,3.29549304666123
DEU,Germany,2017,3.95682663087031
DEU,Germany,2018,5.2504384693398
DEU,Germany,2019,4.32698484050812
DEU,Germany,2020,3.67563082359577
DEU,Germany,2021,4.92980809254238
DEU,Germany,2022,3.81469480661503
DEU,Germany,2023,2.5467254077414
DNK,Denmark,2000,17.3009984441487
DNK,Denmark,2001,7.97756572879833
DNK,Denmark,2002,1.48201438879356
DNK,Denmark,2003,0.392037620688142
DNK,Denmark,2004,-3.94066508675741
DNK,Denmark,2005,6.39954661609933
DNK,Denmark,2006,2.82281947339076
DNK,Denmark,2007,5.41271517571474
DNK,Denmark,2008,5.28083733969975
DNK,Denmark,2009,1.91273135196306
DNK,Denmark,2010,-0.178015977877783
DNK,Denmark,2011,3.81132554606203
DNK,Denmark,2012,-3.34724261393109
DNK,Denmark,2013,2.0335771765947
DNK,Denmark,2014,2.81142237397008
DNK,Denmark,2015,2.48056772388888
DNK,Denmark,2016,5.73334263663049
DNK,Denmark,2017,3.05876570750653
DNK,Denmark,2018,1.78159660766636
DNK,Denmark,2019,1.72954595285148
DNK,Denmark,2020,2.68953723439035
DNK,Denmark,2021,8.98143557932231
DNK,Denmark,2022,7.25600454193578
DNK,Denmark,2023,2.81320920036956
ESP,Spain,2000,9.94515541259898
ESP,Spain,2001,5.40362808752372
ESP,Spain,2002,4.67830181812775
ESP,Spain,2003,3.73164193430306
ESP,Spain,2004,5.81341904198205
ESP,Spain,2005,3.9809017687463
ESP,Spain,2006,8.52130632384232
ESP,Spain,2007,9.84729963330528
ESP,Spain,2008,4.4457654186766
ESP,Spain,2009,0.898572249419809
ESP,Spain,2010,2.90254863909206
ESP,Spain,2011,2.86797656922818
ESP,Spain,2012,-0.225547061635353
ESP,Spain,2013,2.42565242635193
ESP,Spain,2014,3.383939770939
ESP,Spain,2015,4.82641433290909
ESP,Spain,2016,4.85745693592621
ESP,Spain,2017,3.70077011012901
ESP,Spain,2018,2.95118337100336
ESP,Spain,2019,2.9067834147218
ESP,Spain,2020,4.3639170223537
ESP,Spain,2021,3.50614720923462
ESP,Spain,2022,4.7433173339625
ESP,Spain,2023,3.12423805627594
EST,Estonia,2000,1.62363745656443
EST,Estonia,2001,4.00715766267092
EST,Estonia,2002,2.51904235549088
EST,Estonia,2003,2.78303090030625
EST,Estonia,2004,3.19656459908012
EST,Estonia,2005,5.99115193943391
EST,Estonia,2006,8.49381425225221
EST,Estonia,2007,10.6343480471863
EST,Estonia,2008,5.29861849630163
EST,Estonia,2009,6.9419617553849
EST,Estonia,2010,6.35832533723738
EST,Estonia,2011,-5.88420125980856
EST,Estonia,2012,5.51466331799555
EST,Estonia,2013,3.3446202743642
EST,Estonia,2014,4.20137785198439
EST,Estonia,2015,-2.46706523507048
EST,Estonia,2016,1.4891834884428
EST,Estonia,2017,2.36836277747092
EST,Estonia,2018,-0.687171157846634
EST,Estonia,2019,5.94280795296762
EST,Estonia,2020,1.22096873716714
EST,Estonia,2021,17.0503303019475
EST,Estonia,2022,4.90619274394699
EST,Estonia,2023,5.38574365737206
FIN,Finland,2000,22.4519629972766
FIN,Finland,2001,6.13524216444265
FIN,Finland,2002,5.22768765464179
FIN,Finland,2003,0.121637432624397
FIN,Finland,2004,1.3973432878091
FIN,Finland,2005,5.11284170113794
FIN,Finland,2006,0.829462192228025
FIN,Finland,2007,6.44401692025543
FIN,Finland,2008,10.5556484173721
FIN,Finland,2009,-1.54078598446618
FIN,Finland,2010,6.00835826470699
FIN,Finland,2011,-1.29020213761769
FIN,Finland,2012,3.25276883628837
FIN,Finland,2013,-2.69891154508427
FIN,Finland,2014,-0.0471545412293666
FIN,Finland,2015,-0.189552769024624
FIN,Finland,2016,8.55396234825408
FIN,Finland,2017,5.44038867195556
FIN,Finland,2018,1.20360281701857
FIN,Finland,2019,2.51615886896574
FIN,Finland,2020,2.07119565609595
FIN,Finland,2021,6.8337581005663
FIN,Finland,2022,7.87007815250501
FIN,Finland,2023,-0.331462505007479
FRA,France,2000,12.7554300091475
FRA,France,2001,6.37583417865581
FRA,France,2002,3.5514233747765
FRA,France,2003,2.86599232583629
FRA,France,2004,2.89706936438621
FRA,France,2005,5.4192287029643
FRA,France,2006,5.62758510265985
FRA,France,2007,4.97876936671897
FRA,France,2008,4.64668224034089
FRA,France,2009,3.28577610304877
FRA,France,2010,2.74203422300758
FRA,France,2011,2.24648761891166
FRA,France,2012,1.93867452581188
FRA,France,2013,1.14970730816793
FRA,France,2014,2.15340597997565
FRA,France,2015,3.24523500644381
FRA,France,2016,2.94775119926
FRA,France,2017,1.88141630957272
FRA,France,2018,5.02990847395145
FRA,France,2019,3.11018903168593
FRA,France,2020,1.08525408792736
FRA,France,2021,3.98508078434687
FRA,France,2022,3.68514145333107
FRA,France,2023,2.29047668137074
GBR,United Kingdom,2000,17.471111232895
GBR,United Kingdom,2001,4.67415157870269
GBR,United Kingdom,2002,6.75227786221514
GBR,United Kingdom,2003,3.9821352180636
GBR,United Kingdom,2004,5.29430485184774
GBR,United Kingdom,2005,6.26765055071042
GBR,United Kingdom,2006,5.23081061169933
GBR,United Kingdom,2007,11.9301475401369
GBR,United Kingdom,2008,12.1108919197481
GBR,United Kingdom,2009,-1.9922098932577
GBR,United Kingdom,2010,2.17913913486089
GBR,United Kingdom,2011,3.02115058943336
GBR,United Kingdom,2012,0.442088097187156
GBR,United Kingdom,2013,1.65364404767299
GBR,United Kingdom,2014,-3.69212237001965
GBR,United Kingdom,2015,-2.04295991527597
GBR,United Kingdom,2016,1.21575955191692
GBR,United Kingdom,2017,6.37407704065717
GBR,United Kingdom,2018,-0.988327836635587
GBR,United Kingdom,2019,-0.747582450453671
GBR,United Kingdom,2020,0.601630459727419
GBR,United Kingdom,2021,4.1730396545526
GBR,United Kingdom,2022,4.51477242355252
GBR,United Kingdom,2023,0.88305164751163
GRC,Greece,2000,0.801898876390606
GRC,Greece,2001,-0.736390169749216
GRC,Greece,2002,0.432354721879008
GRC,Greece,2003,0.229273610274258
GRC,Greece,2004,0.455924372025342
GRC,Greece,2005,0.622090530462978
GRC,Greece,2006,1.57389537461276
GRC,Greece,2007,1.67412681717381
GRC,Greece,2008,0.913657686097103
GRC,Greece,2009,0.747048667850224
GRC,Greece,2010,0.572388177171352
GRC,Greece,2011,0.642083826469392
GRC,Greece,2012,0.283996540447178
GRC,Greece,2013,-0.294858705684757
GRC,Greece,2014,1.28949128463839
GRC,Greece,2015,0.813395818856685
GRC,Greece,2016,-0.91318944197657
GRC,Greece,2017,0.0776859006642324
GRC,Greece,2018,0.24358461917263
GRC,Greece,2019,0.302344070856034
GRC,Greece,2020,0.338781387381374
GRC,Greece,2021,0.626117236290764
GRC,Greece,2022,1.20300543823662
GRC,Greece,2023,1.66732326246234
HRV,Croatia,2000,0.217426973424239
HRV,Croatia,2001,0.553351065339001
HRV,Croatia,2002,2.1264926141875
HRV,Croatia,2003,0.401307060470863
HRV,Croatia,2004,0.915618141899641
HRV,Croatia,2005,0.535353943239378
HRV,Croatia,2006,0.541795522777734
HRV,Croatia,2007,0.640397798182701
HRV,Croatia,2008,2.03673599931776
HRV,Croatia,2009,2.20595695117827
HRV,Croatia,2010,0.756581006804391
HRV,Croatia,2011,-0.096035131860046
HRV,Croatia,2012,-0.151478488783795
HRV,Croatia,2013,-0.0478827359266547
HRV,Croatia,2014,3.84223143563071
HRV,Croatia,2015,-0.16672735451032
HRV,Croatia,2016,-1.29809632504569
HRV,Croatia,2017,0.957666370235726
HRV,Croatia,2018,0.543137556634187
HRV,Croatia,2019,0.161597851354716
HRV,Croatia,2020,0.76238559552837
HRV,Croatia,2021,1.71100837040547
HRV,Croatia,2022,-0.560479291749468
HRV,Croatia,2023,1.59680622532512
HUN,Hungary,2000,1.28192956053588
HUN,Hungary,2001,0.967077739288005
HUN,Hungary,2002,1.7341415955708
HUN,Hungary,2003,4.87049144012326
HUN,Hungary,2004,1.58582206141987
HUN,Hungary,2005,17.7401774058486
HUN,Hungary,2006,15.8463419797646
HUN,Hungary,2007,48.7276483214479
HUN,Hungary,2008,46.5432965874671
HUN,Hungary,2009,-2.8625648664468
HUN,Hungary,2010,-18.7280158500921
HUN,Hungary,2011,6.41668614682833
HUN,Hungary,2012,6.22951436381401
HUN,Hungary,2013,-2.77530304133652
HUN,Hungary,2014,6.54117508292626
HUN,Hungary,2015,-6.50121888321001
HUN,Hungary,2016,51.6782404961595
HUN,Hungary,2017,-10.0953243491531
HUN,Hungary,2018,-42.151179363833
HUN,Hungary,2019,59.572568078442
HUN,Hungary,2020,103.8005963532
HUN,Hungary,2021,16.107690480735
HUN,Hungary,2022,-3.25721427373666
HUN,Hungary,2023,-34.0095535667656
IDN,Indonesia,2000,
IDN,Indonesia,2001,
IDN,Indonesia,2002,
IDN,Indonesia,2003,
IDN,Indonesia,2004,1.32691226525771
IDN,Indonesia,2005,1.07217084848954
IDN,Indonesia,2006,0.747661385555764
IDN,Indonesia,2007,1.08166796687898
IDN,Indonesia,2008,1.15629148317163
IDN,Indonesia,2009,0.416828151323883
IDN,Indonesia,2010,0.554325077703534
IDN,Indonesia,2011,1.01196597045047
IDN,Indonesia,2012,0.815426294179616
IDN,Indonesia,2013,1.21768693403894
IDN,Indonesia,2014,1.16607114019871
IDN,Indonesia,2015,1.05414474550635
IDN,Indonesia,2016,-1.24417683344392
IDN,Indonesia,2017,0.197738765986121
IDN,Indonesia,2018,0.613968176859219
IDN,Indonesia,2019,0.398756294824259
IDN,Indonesia,2020,0.475197656129903
IDN,Indonesia,2021,0.330947672095919
IDN,Indonesia,2022,0.502980500452874
IDN,Indonesia,2023,0.519699521390828
IND,India,2000,0.108782631590979
IND,India,2001,0.217149784945817
IND,India,2002,0.244897118124448
IND,India,2003,0.203693408823168
IND,India,2004,0.259050391934574
IND,India,2005,0.321892640703742
IND,India,2006,1.49286739751701
IND,India,2007,1.39932621277986
IND,India,2008,1.60618945056937
IND,India,2009,1.19947294730463
IND,India,2010,0.95296916878089
IND,India,2011,0.691587282543152
IND,India,2012,0.467994186384699
IND,India,2013,0.0950572712594844
IND,India,2014,0.573112117006218
IND,India,2015,0.357212265552145
IND,India,2016,0.219945069521291
IND,India,2017,0.418263547235003
IND,India,2018,0.422422743097147
IND,India,2019,0.463417725968969
IND,India,2020,0.415823729906748
IND,India,2021,0.54427728129202
IND,India,2022,0.44715460781646
IND,India,2023,0.396427857684106
IRL,Ireland,2000,4.61911853814494
IRL,Ireland,2001,3.71779775153497
IRL,Ireland,2002,8.57364185861059
IRL,Ireland,2003,3.37002638510227
IRL,Ireland,2004,9.29599697784973
IRL,Ireland,2005,43.3464712072139
IRL,Ireland,2006,18.4780413300957
IRL,Ireland,2007,20.7064634730386
IRL,Ireland,2008,21.1293465611675
IRL,Ireland,2009,23.0563519005374
IRL,Ireland,2010,7.58707639659288
IRL,Ireland,2011,-0.632037343089578
IRL,Ireland,2012,14.0742001470538
IRL,Ireland,2013,19.9510540433967
IRL,Ireland,2014,34.4088143275623
IRL,Ireland,2015,59.8071791356445
IRL,Ireland,2016,31.5201937392858
IRL,Ireland,2017,0.0955736665148129
IRL,Ireland,2018,23.4667523471589
IRL,Ireland,2019,-24.2411486932324
IRL,Ireland,2020,-18.6500850341973
IRL,Ireland,2021,23.7143213282407
IRL,Ireland,2022,-1.53962869718639
IRL,Ireland,2023,-22.391820616793
ITA,Italy,2000,0.564691415992459
ITA,Italy,2001,1.39666418535189
ITA,Italy,2002,0.897575260507981
ITA,Italy,2003,0.135471175236352
ITA,Italy,2004,0.78955110312376
ITA,Italy,2005,2.80414637774188
ITA,Italy,2006,3.01041974515642
ITA,Italy,2007,5.39896662696421
ITA,Italy,2008,2.80055631903153
ITA,Italy,2009,0.831378509234316
ITA,Italy,2010,1.43257791223537
ITA,Italy,2011,2.24851647742716
ITA,Italy,2012,0.323974042039378
ITA,Italy,2013,0.941641633668746
ITA,Italy,2014,0.942192984227304
ITA,Italy,2015,0.835812592237998
ITA,Italy,2016,0.723838535919639
ITA,Italy,2017,0.599484171484496
ITA,Italy,2018,1.84125544086977
ITA,Italy,2019,1.85404274702956
ITA,Italy,2020,0.248402242308732
ITA,Italy,2021,2.66378600555641
ITA,Italy,2022,2.24599989500342
ITA,Italy,2023,1.31972456963767
JPN,Japan,2000,0.892980627701677
JPN,Japan,2001,0.803380329723618
JPN,Japan,2002,0.727794116281459
JPN,Japan,2003,0.753585424412975
JPN,Japan,2004,0.821893260065465
JPN,Japan,2005,1.05965419445304
JPN,Japan,2006,1.25111315706482
JPN,Japan,2007,1.57826799060878
JPN,Japan,2008,2.20231184340921
JPN,Japan,2009,1.38055745810281
JPN,Japan,2010,1.37065203868021
JPN,Japan,2011,1.86060417450596
JPN,Japan,2012,1.85721494143796
JPN,Japan,2013,2.95287995293916
JPN,Japan,2014,2.76636557351381
JPN,Japan,2015,3.05252805103749
JPN,Japan,2016,3.49506649961358
JPN,Japan,2017,3.44863534681924
JPN,Japan,2018,3.10844345907744
JPN,Japan,2019,4.92368257862093
JPN,Japan,2020,2.89289798834509
JPN,Japan,2021,4.0125240526185
JPN,Japan,2022,3.93310201986812
JPN,Japan,2023,4.49323786203913
KOR,"Korea, Rep.",2000,0.810410702510135
KOR,"Korea, Rep.",2001,0.483380923175481
KOR,"Korea, Rep.",2002,0.528788292244684
KOR,"Korea, Rep.",2003,0.688906845160052
KOR,"Korea, Rep.",2004,0.874046804581639
KOR,"Korea, Rep.",2005,0.857224892594321
KOR,"Korea, Rep.",2006,1.14713117288148
KOR,"Korea, Rep.",2007,1.78808969900875
KOR,"Korea, Rep.",2008,1.78974400458647
KOR,"Korea, Rep.",2009,1.77002494333053
KOR,"Korea, Rep.",2010,2.36593643919556
KOR,"Korea, Rep.",2011,2.26819838801717
KOR,"Korea, Rep.",2012,2.29144770759927
KOR,"Korea, Rep.",2013,1.97382019474095
KOR,"Korea, Rep.",2014,1.79909760163781
KOR,"Korea, Rep.",2015,1.53891051822578
KOR,"Korea, Rep.",2016,1.89275814062109
KOR,"Korea, Rep.",2017,1.99213335344397
KOR,"Korea, Rep.",2018,2.09512783502331
KOR,"Korea, Rep.",2019,2.01245455515092
KOR,"Korea, Rep.",2020,1.997190163256
KOR,"Korea, Rep.",2021,3.39804042593299
KOR,"Korea, Rep.",2022,3.65679386129604
KOR,"Korea, Rep.",2023,1.74392257724062
LTU,Lithuania,2000,0.044131540821229
LTU,Lithuania,2001,0.0299736688554256
LTU,Lithuania,2002,-0.237976617819385
LTU,Lithuania,2003,0.400944309818507
LTU,Lithuania,2004,1.30951412852095
LTU,Lithuania,2005,2.0974064113215
LTU,Lithuania,2006,1.72669960233082
LTU,Lithuania,2007,2.20285029630827
LTU,Lithuania,2008,1.1598669405821
LTU,Lithuania,2009,1.61221673852097
LTU,Lithuania,2010,0.291594214465576
LTU,Lithuania,2011,1.88802594853189
LTU,Lithuania,2012,0.987827428539901
LTU,Lithuania,2013,0.716698414525407
LTU,Lithuania,2014,1.12971786878894
LTU,Lithuania,2015,0.85851914689233
LTU,Lithuania,2016,2.12450287052038
LTU,Lithuania,2017,0.944167797446956
LTU,Lithuania,2018,1.9161031130478
LTU,Lithuania,2019,3.9210741762769
LTU,Lithuania,2020,6.84363682461491
LTU,Lithuania,2021,1.893611479022
LTU,Lithuania,2022,-1.13685608377548
LTU,Lithuania,2023,2.99474092673456
LUX,Luxembourg,2000,
LUX,Luxembourg,2001,
LUX,Luxembourg,2002,43.2031594261647
LUX,Luxembourg,2003,2.86745565141006
LUX,Luxembourg,2004,19.3161989826733
LUX,Luxembourg,2005,21.7958998094188
LUX,Luxembourg,2006,23.3861443140859
LUX,Luxembourg,2007,138.199760161174
LUX,Luxembourg,2008,19.5535706264632
LUX,Luxembourg,2009,15.1803141767306
LUX,Luxembourg,2010,41.3646479280174
LUX,Luxembourg,2011,17.3686289508045
LUX,Luxembourg,2012,-22.4122807694915
LUX,Luxembourg,2013,71.5004338219293
LUX,Luxembourg,2014,63.1069437670158
LUX,Luxembourg,2015,53.1356881901997
LUX,Luxembourg,2016,-1.99437877885646
LUX,Luxembourg,2017,22.8557855660981
LUX,Luxembourg,2018,30.7476001691146
LUX,Luxembourg,2019,252.987213886769
LUX,Luxembourg,2020,139.873027205793
LUX,Luxembourg,2021,120.945537300721
LUX,Luxembourg,2022,-238.157313331211
LUX,Luxembourg,2023,-23.8030552176999
LVA,Latvia,2000,0.0892354151095856
LVA,Latvia,2001,1.02894827778945
LVA,Latvia,2002,-0.505194343152887
LVA,Latvia,2003,0.763689727735097
LVA,Latvia,2004,0.61511644739135
LVA,Latvia,2005,1.38429986668639
LVA,Latvia,2006,1.03998399890827
LVA,Latvia,2007,2.6151917616725
LVA,Latvia,2008,1.00432907941391
LVA,Latvia,2009,-0.753840707481598
LVA,Latvia,2010,0.438144497936529
LVA,Latvia,2011,0.405738234879601
LVA,Latvia,2012,0.594861324349586
LVA,Latvia,2013,1.69398684089814
LVA,Latvia,2014,2.2926143900895
LVA,Latvia,2015,0.546788965890096
LVA,Latvia,2016,0.90482233088863
LVA,Latvia,2017,1.96371633055372
LVA,Latvia,2018,-0.944918168498435
LVA,Latvia,2019,0.269315461169246
LVA,Latvia,2020,0.592187282787748
LVA,Latvia,2021,7.00346274418469
LVA,Latvia,2022,-0.441745510701357
LVA,Latvia,2023,2.38422237774829
MEX,Mexico,2000,
MEX,Mexico,2001,0.553216039537959
MEX,Mexico,2002,-0.374567596888996
MEX,Mexico,2003,0.151711090159556
MEX,Mexico,2004,0.556350971799303
MEX,Mexico,2005,0.635899688197926
MEX,Mexico,2006,0.654315001031041
MEX,Mexico,2007,0.755839161068469
MEX,Mexico,2008,0.0592348387485404
MEX,Mexico,2009,1.23623342875482
MEX,Mexico,2010,1.61887286177325
MEX,Mexico,2011,0.941634038320862
MEX,Mexico,2012,1.49586892363367
MEX,Mexico,2013,1.35838090052767
MEX,Mexico,2014,0.409978312139788
MEX,Mexico,2015,0.904840485362925
MEX,Mexico,2016,0.70755402512364
MEX,Mexico,2017,0.255698767070483
MEX,Mexico,2018,0.974712289376411
MEX,Mexico,2019,0.466556292601667
MEX,Mexico,2020,0.450013907112683
MEX,Mexico,2021,-0.0228702422154819
MEX,Mexico,2022,1.18404119283213
MEX,Mexico,2023,0.0449068820308946
MLT,Malta,2000,4.04091503558451
MLT,Malta,2001,4.5754020851972
MLT,Malta,2002,-2.17524558279827
MLT,Malta,2003,8.8521823144658
MLT,Malta,2004,87.0593088946021
MLT,Malta,2005,171.59365315494
MLT,Malta,2006,220.158954004143
MLT,Malta,2007,185.112607913525
MLT,Malta,2008,176.20903623116
MLT,Malta,2009,-69.5717497199636
MLT,Malta,2010,36.6001990579363
MLT,Malta,2011,-44.7223945300343
MLT,Malta,2012,-85.8896151183197
MLT,Malta,2013,-81.2325925657391
MLT,Malta,2014,-73.3010236495804
MLT,Malta,2015,-58.1264472464198
MLT,Malta,2016,-55.1721329322484
MLT,Malta,2017,226.795378366239
MLT,Malta,2018,453.162553591331
MLT,Malta,2019,190.838986280728
MLT,Malta,2020,246.595192795147
MLT,Malta,2021,348.765076762635
MLT,Malta,2022,144.210061946886
MLT,Malta,2023,113.600438647729
NLD,Netherlands,2000,17.8411186141159
NLD,Netherlands,2001,11.7400345117895
NLD,Netherlands,2002,6.68555888924904
NLD,Netherlands,2003,7.66995428794243
NLD,Netherlands,2004,22.9115554367269
NLD,Netherlands,2005,38.7404927310313
NLD,Netherlands,2006,70.99571327641
NLD,Netherlands,2007,69.8791366187553
NLD,Netherlands,2008,28.4569417097359
NLD,Netherlands,2009,34.6855527063222
NLD,Netherlands,2010,19.8378209072474
NLD,Netherlands,2011,42.1978547497182
NLD,Netherlands,2012,38.0561138159163
NLD,Netherlands,2013,45.5058287987352
NLD,Netherlands,2014,19.1434632328625
NLD,Netherlands,2015,52.5431832845345
NLD,Netherlands,2016,48.6905595518188
NLD,Netherlands,2017,25.0667134980301
NLD,Netherlands,2018,-28.9292368043908
NLD,Netherlands,2019,-13.1059205382112
NLD,Netherlands,2020,-25.9608785944029
NLD,Netherlands,2021,6.5105147618361
NLD,Netherlands,2022,16.6236510867605
NLD,Netherlands,2023,-31.8304390848986
POL,Poland,2000,0.00462552000947225
POL,Poland,2001,-0.0662067986323785
POL,Poland,2002,0.0951453520054985
POL,Poland,2003,0.497343476654733
POL,Poland,2004,0.834670939542684
POL,Poland,2005,1.34658018550418
POL,Poland,2006,3.12317837419355
POL,Poland,2007,1.76535556527076
POL,Poland,2008,0.871152948925892
POL,Poland,2009,1.34522901288415
POL,Poland,2010,2.01584721673083
POL,Poland,2011,0.905752239575174
POL,Poland,2012,0.325003390246338
POL,Poland,2013,-0.597861935634351
POL,Poland,2014,1.24839945713475
POL,Poland,2015,1.05550599481422
POL,Poland,2016,2.95841844321422
POL,Poland,2017,0.744572715135344
POL,Poland,2018,0.410012076158032
POL,Poland,2019,0.890848611819982
POL,Poland,2020,0.83724720144403
POL,Poland,2021,1.48294275423552
POL,Poland,2022,1.81179767723624
POL,Poland,2023,1.51270625237515
PRT,Portugal,2000,7.40316994821064
PRT,Portugal,2001,5.62349017129373
PRT,Portugal,2002,-1.02357199157858
PRT,Portugal,2003,5.4621171342598
PRT,Portugal,2004,4.32258155831383
PRT,Portugal,2005,1.38694089649642
PRT,Portugal,2006,4.24048101614522
PRT,Portugal,2007,4.39053044721565
PRT,Portugal,2008,2.11782591939054
PRT,Portugal,2009,1.49076690124265
PRT,Portugal,2010,-1.45418274743221
PRT,Portugal,2011,6.4730596539198
PRT,Portugal,2012,2.1180578626419
PRT,Portugal,2013,3.21396992782519
PRT,Portugal,2014,1.59217836503867
PRT,Portugal,2015,-0.455427769985702
PRT,Portugal,2016,1.79666851747803
PRT,Portugal,2017,1.31764542349518
PRT,Portugal,2018,0.694890746330945
PRT,Portugal,2019,0.677534584020781
PRT,Portugal,2020,-1.04007405976093
PRT,Portugal,2021,0.00555394651207379
PRT,Portugal,2022,2.11209863543316
PRT,Portugal,2023,1.9466354147271
ROU,Romania,2000,-0.0295272371159261
ROU,Romania,2001,-0.0420842949313152
ROU,Romania,2002,0.0347331496701615
ROU,Romania,2003,0.067466596601875
ROU,Romania,2004,0.093366127436416
ROU,Romania,2005,0.335579083069027
ROU,Romania,2006,0.411062577873384
ROU,Romania,2007,0.381507319930408
ROU,Romania,2008,0.146047453140388
ROU,Romania,2009,0.00777036819083138
ROU,Romania,2010,0.13853522797548
ROU,Romania,2011,0.0295021307137619
ROU,Romania,2012,-0.115817034940724
ROU,Romania,2013,-0.031890695428963
ROU,Romania,2014,0.134790521804441
ROU,Romania,2015,0.579181454430224
ROU,Romania,2016,0.677726254261795
ROU,Romania,2017,0.183838803726053
ROU,Romania,2018,0.62179251753044
ROU,Romania,2019,0.76920615155258
ROU,Romania,2020,0.0792535165317075
ROU,Romania,2021,0.469721773060731
ROU,Romania,2022,0.736334516367119
ROU,Romania,2023,0.525793132358004
RUS,Russian Federation,2000,1.22399147492262
RUS,Russian Federation,2001,0.828774572480039
RUS,Russian Federation,2002,1.02256200083099
RUS,Russian Federation,2003,2.25955810210792
RUS,Russian Federation,2004,2.33191722266276
RUS,Russian Federation,2005,2.34021939600744
RUS,Russian Federation,2006,3.02981900152203
RUS,Russian Federation,2007,3.44703393825936
RUS,Russian Federation,2008,3.35145708975151
RUS,Russian Federation,2009,3.53990636193426
RUS,Russian Federation,2010,3.45043565164625
RUS,Russian Federation,2011,3.26751290531222
RUS,Russian Federation,2012,2.21086639112147
RUS,Russian Federation,2013,3.77350748509683
RUS,Russian Federation,2014,2.77200015190593
RUS,Russian Federation,2015,1.61975493984106
RUS,Russian Federation,2016,1.7476949048367
RUS,Russian Federation,2017,2.33496664602391
RUS,Russian Federation,2018,1.8932200117705
RUS,Russian Federation,2019,1.29484057284541
RUS,Russian Federation,2020,0.391607688669965
RUS,Russian Federation,2021,3.60175204067215
RUS,Russian Federation,2022,-0.570837366320596
RUS,Russian Federation,2023,0.52317692045615
SAU,Saudi Arabia,2000,0.8178775005945
SAU,Saudi Arabia,2001,0.024779838555515
SAU,Saudi Arabia,2002,1.06538106415835
SAU,Saudi Arabia,2003,0.219176575692684
SAU,Saudi Arabia,2004,0.0304299106549326
SAU,Saudi Arabia,2005,-0.10651740954789
SAU,Saudi Arabia,2006,-0.0102308268348859
SAU,Saudi Arabia,2007,-0.0324130216716371
SAU,Saudi Arabia,2008,0.672882172418145
SAU,Saudi Arabia,2009,0.507406391207103
SAU,Saudi Arabia,2010,0.739642832260858
SAU,Saudi Arabia,2011,0.503910121850217
SAU,Saudi Arabia,2012,0.585373514250604
SAU,Saudi Arabia,2013,0.642189868716794
SAU,Saudi Arabia,2014,0.685507079690388
SAU,Saudi Arabia,2015,0.777302625000769
SAU,Saudi Arabia,2016,1.34371599831012
SAU,Saudi Arabia,2017,1.1026358138369
SAU,Saudi Arabia,2018,2.17156472633492
SAU,Saudi Arabia,2019,1.63719508602178
SAU,Saudi Arabia,2020,0.704591990606769
SAU,Saudi Arabia,2021,2.51092622461533
SAU,Saudi Arabia,2022,2.14122271197559
SAU,Saudi Arabia,2023,1.42338250678667
SVK,Slovak Republic,2000,0.737627207443285
SVK,Slovak Republic,2001,0.114752513707186
SVK,Slovak Republic,2002,0.450168697689152
SVK,Slovak Republic,2003,1.28404242209687
SVK,Slovak Republic,2004,0.00959311670874142
SVK,Slovak Republic,2005,2.07738861176156
SVK,Slovak Republic,2006,0.873825132771524
SVK,Slovak Republic,2007,2.13392262596151
SVK,Slovak Republic,2008,0.541809902854141
SVK,Slovak Republic,2009,2.7911653186399
SVK,Slovak Republic,2010,1.36067959467328
SVK,Slovak Republic,2011,2.70595092722508
SVK,Slovak Republic,2012,-1.30084216110805
SVK,Slovak Republic,2013,1.2878753912848
SVK,Slovak Republic,2014,0.274509536456396
SVK,Slovak Republic,2015,1.5903950072374
SVK,Slovak Republic,2016,4.50794911250306
SVK,Slovak Republic,2017,1.56166825543374
SVK,Slovak Republic,2018,0.898546037778659
SVK,Slovak Republic,2019,-0.161475918964188
SVK,Slovak Republic,2020,1.50826496926119
SVK,Slovak Republic,2021,1.0017324459477
SVK,Slovak Republic,2022,1.76698213946475
SVK,Slovak Republic,2023,-0.728979678876821
SVN,Slovenia,2000,0.323921733596983
SVN,Slovenia,2001,0.631384338693842
SVN,Slovenia,2002,1.47105741809155
SVN,Slovenia,2003,2.41786817605136
SVN,Slovenia,2004,1.40997833001792
SVN,Slovenia,2005,2.94676160468635
SVN,Slovenia,2006,2.30898857877633
SVN,Slovenia,2007,4.62786340435456
SVN,Slovenia,2008,2.40002642873854
SVN,Slovenia,2009,0.680339610470097
SVN,Slovenia,2010,0.417530796976249
SVN,Slovenia,2011,-0.0273839960125082
SVN,Slovenia,2012,-1.22644542216861
SVN,Slovenia,2013,0.067029385769997
SVN,Slovenia,2014,0.429501967278159
SVN,Slovenia,2015,0.762815306927528
SVN,Slovenia,2016,1.07828877389049
SVN,Slovenia,2017,1.31055225660559
SVN,Slovenia,2018,0.83611083664934
SVN,Slovenia,2019,2.40141299899756
SVN,Slovenia,2020,1.54886482440733
SVN,Slovenia,2021,2.75266861084675
SVN,Slovenia,2022,1.3880392371997
SVN,Slovenia,2023,1.19717101486213
SWE,Sweden,2000,15.3032221387471
SWE,Sweden,2001,6.09780925218334
SWE,Sweden,2002,6.23356075320593
SWE,Sweden,2003,6.68796623126717
SWE,Sweden,2004,7.32912390427127
SWE,Sweden,2005,9.77240684607582
SWE,Sweden,2006,5.11275943914318
SWE,Sweden,2007,11.4052820010038
SWE,Sweden,2008,6.75547044867012
SWE,Sweden,2009,6.09581376397913
SWE,Sweden,2010,4.48965687882698
SWE,Sweden,2011,4.16693926785189
SWE,Sweden,2012,3.18244928737728
SWE,Sweden,2013,4.80208638490793
SWE,Sweden,2014,-0.287463104946154
SWE,Sweden,2015,2.8447153946602
SWE,Sweden,2016,-0.00337822451660293
SWE,Sweden,2017,7.21604184397334
SWE,Sweden,2018,2.44876850011053
SWE,Sweden,2019,4.12101755459327
SWE,Sweden,2020,4.08451833464332
SWE,Sweden,2021,10.0231102596164
SWE,Sweden,2022,11.0135585045894
SWE,Sweden,2023,7.15949570948907
TUR,Turkiye,2000,0.316653272573454
TUR,Turkiye,2001,0.245802221998895
TUR,Turkiye,2002,0.0593908060401345
TUR,Turkiye,2003,0.152191124187682
TUR,Turkiye,2004,0.190171180749469
TUR,Turkiye,2005,0.209319349847628
TUR,Turkiye,2006,0.165097844578082
TUR,Turkiye,2007,0.307342741631847
TUR,Turkiye,2008,0.328726797356875
TUR,Turkiye,2009,0.23750010421207
TUR,Turkiye,2010,0.1893819195057
TUR,Turkiye,2011,0.280741653032813
TUR,Turkiye,2012,0.463783112120977
TUR,Turkiye,2013,0.37789672353121
TUR,Turkiye,2014,0.748134890224795
TUR,Turkiye,2015,0.588819783879626
TUR,Turkiye,2016,0.360350835543736
TUR,Turkiye,2017,0.312892663230677
TUR,Turkiye,2018,0.457280149101764
TUR,Turkiye,2019,0.388088908631923
TUR,Turkiye,2020,0.443139970791272
TUR,Turkiye,2021,0.767913211334397
TUR,Turkiye,2022,0.532773290392968
TUR,Turkiye,2023,0.52250052856101
USA,United States,2000,1.81807504317648
USA,United States,2001,1.38009808986622
USA,United States,2002,1.63769083442125
USA,United States,2003,1.70400080304108
USA,United States,2004,3.0612916417155
USA,United States,2005,0.403330051689533
USA,United States,2006,2.05420936633655
USA,United States,2007,3.61946764967361
USA,United States,2008,2.32624380647565
USA,United States,2009,2.15910728966788
USA,United States,2010,2.32459747580084
USA,United States,2011,2.79886859594767
USA,United States,2012,2.32090990693351
USA,United States,2013,2.32689637024758
USA,United States,2014,2.2008516743792
USA,United States,2015,1.65111061103571
USA,United States,2016,1.59434398872252
USA,United States,2017,2.0875528793395
USA,United States,2018,-0.632826949133145
USA,United States,2019,0.533551977898589
USA,United States,2020,1.32082941973956
USA,United States,2021,1.44211464008671
USA,United States,2022,1.49243047699728
USA,United States,2023,1.26237270696165
ZAF,South Africa,2000,0.18265145390608
ZAF,South Africa,2001,-2.59524121005192
ZAF,South Africa,2002,-0.311619827458975
ZAF,South Africa,2003,0.280452001841072
ZAF,South Africa,2004,0.510316290280268
ZAF,South Africa,2005,0.314820900901202
ZAF,South Africa,2006,1.95116907827083
ZAF,South Africa,2007,0.895321932941909
ZAF,South Africa,2008,-0.670475565675138
ZAF,South Africa,2009,0.397659891384057
ZAF,South Africa,2010,-0.0386457158286991
ZAF,South Africa,2011,-0.0334784964578338
ZAF,South Africa,2012,0.66732642552189
ZAF,South Africa,2013,1.62636588366822
ZAF,South Africa,2014,2.01786455809686
ZAF,South Africa,2015,1.59064699001799
ZAF,South Africa,2016,1.38772534652893
ZAF,South Africa,2017,1.9528762963114
ZAF,South Africa,2018,0.993671794602506
ZAF,South Africa,2019,0.806754603409893
ZAF,South Africa,2020,-0.572783267129971
ZAF,South Africa,2021,0.0241858598880624
ZAF,South Africa,2022,0.582595080538106
ZAF,South Africa,2023,-0.732288648563323
